-- phpMyAdmin SQL Dump
-- version 4.6.3
-- https://www.phpmyadmin.net/
--
-- Host: localhost
-- Generation Time: Oct 01, 2016 at 12:25 PM
-- Server version: 5.7.13-0ubuntu0.16.04.2
-- PHP Version: 7.0.8-0ubuntu0.16.04.2

SET SQL_MODE = "NO_AUTO_VALUE_ON_ZERO";
SET time_zone = "+00:00";


/*!40101 SET @OLD_CHARACTER_SET_CLIENT=@@CHARACTER_SET_CLIENT */;
/*!40101 SET @OLD_CHARACTER_SET_RESULTS=@@CHARACTER_SET_RESULTS */;
/*!40101 SET @OLD_COLLATION_CONNECTION=@@COLLATION_CONNECTION */;
/*!40101 SET NAMES utf8mb4 */;

--
-- Database: `tapnar`
--

-- --------------------------------------------------------

--
-- Table structure for table `before_image_id`
--

CREATE TABLE `before_image_id` (
  `image_id` int(15) NOT NULL,
  `user_id` bigint(12) NOT NULL,
  `title` varchar(250) NOT NULL,
  `type` varchar(500) NOT NULL,
  `category_id` int(11) NOT NULL,
  `date` timestamp NOT NULL DEFAULT CURRENT_TIMESTAMP,
  `source` varchar(1000) DEFAULT NULL,
  `image_key` varchar(150) DEFAULT NULL,
  `format` varchar(15) DEFAULT NULL
) ENGINE=InnoDB DEFAULT CHARSET=latin1;

--
-- Dumping data for table `before_image_id`
--

INSERT INTO `before_image_id` (`image_id`, `user_id`, `title`, `type`, `category_id`, `date`, `source`, `image_key`, `format`) VALUES
(1, 2, 'doesn\'t matter', 'under_progress', 1, '2016-08-12 06:25:28', NULL, 'f6qy1x9llo', 'jpg'),
(2, 2, 'doesn\'t matter', 'under_progress', 1, '2016-08-26 17:07:17', NULL, 'f77na1u3d8', 'mp4');

-- --------------------------------------------------------

--
-- Table structure for table `comment`
--

CREATE TABLE `comment` (
  `image_id` bigint(12) NOT NULL,
  `user_id` bigint(12) NOT NULL,
  `timestamp` timestamp NOT NULL DEFAULT CURRENT_TIMESTAMP,
  `comment_text` varchar(10000) NOT NULL,
  `parent_comment_id` bigint(12) DEFAULT NULL
) ENGINE=InnoDB DEFAULT CHARSET=latin1;

-- --------------------------------------------------------

--
-- Table structure for table `comment_vote`
--

CREATE TABLE `comment_vote` (
  `comment_id` bigint(12) NOT NULL,
  `count` int(11) NOT NULL,
  `date` timestamp NOT NULL DEFAULT CURRENT_TIMESTAMP,
  `type` varchar(60) NOT NULL,
  `user_id` int(12) NOT NULL DEFAULT '0'
) ENGINE=InnoDB DEFAULT CHARSET=latin1;

-- --------------------------------------------------------

--
-- Table structure for table `editor`
--

CREATE TABLE `editor` (
  `image_id` int(11) NOT NULL
) ENGINE=InnoDB DEFAULT CHARSET=latin1;

--
-- Dumping data for table `editor`
--

INSERT INTO `editor` (`image_id`) VALUES
(85);

-- --------------------------------------------------------

--
-- Table structure for table `hash_table`
--

CREATE TABLE `hash_table` (
  `hash` varchar(10) NOT NULL,
  `key_value` bigint(15) NOT NULL
) ENGINE=InnoDB DEFAULT CHARSET=latin1;

-- --------------------------------------------------------

--
-- Table structure for table `image`
--

CREATE TABLE `image` (
  `image_id` int(11) NOT NULL,
  `user_id` int(10) NOT NULL,
  `image_key` varchar(100) NOT NULL,
  `title` varchar(200) NOT NULL,
  `type` varchar(100) NOT NULL,
  `category_id` int(10) DEFAULT NULL,
  `date` timestamp NOT NULL DEFAULT CURRENT_TIMESTAMP,
  `source` varchar(500) DEFAULT NULL,
  `format` varchar(100) NOT NULL,
  `tags` varchar(500) NOT NULL
) ENGINE=InnoDB DEFAULT CHARSET=latin1;

--
-- Dumping data for table `image`
--

INSERT INTO `image` (`image_id`, `user_id`, `image_key`, `title`, `type`, `category_id`, `date`, `source`, `format`, `tags`) VALUES
(104, 62, 'f6236uv2x8', 'Angry', 'mp4', 1, '2016-07-21 18:24:35', 'https://www.youtube.com/watch?v=OCy0Gw4PGFo', 'mp4', 'birds'),
(105, 62, 'f6241wmbdg', 'Emma stone', 'jpg', 13, '2016-07-21 18:54:20', '', 'jpg', 'Spiderman,Emma Stone'),
(106, 62, 'f62473n0kk', 'Theres a guy in my block who drives a car full of apple stickers. ', 'png', 2, '2016-07-21 18:59:06', '', 'png', 'Apple,Stickers'),
(107, 62, 'f6248tb051', 'Laughin Time | ', 'png', 3, '2016-07-21 19:01:06', '', 'png', 'Bread,Life'),
(108, 62, 'f624aka8jk', 'Best Scence | Silicon Valley', 'mp4', 1, '2016-07-21 19:03:49', 'https://www.youtube.com/watch?v=taQH1fc6BnU', 'mp4', 'Richard,Silicon Valley,HBO'),
(109, 62, 'f624df4idq', 'WAXING | FRIENDS', 'mp4', 1, '2016-07-21 19:06:19', 'https://www.youtube.com/watch?v=2aByNcxr5Pk', 'mp4', 'Waxing,Friends,Series'),
(110, 62, 'f624i1w2fp', 'That Freaking Reaction | GOT', 'mp4', 15, '2016-07-21 19:11:56', 'https://www.youtube.com/watch?v=LOkRuuejR9s', 'mp4', 'GOT,Reaction'),
(111, 62, 'f624o7s3pb', 'I\'m The One Who Knocks | Walter Whiter', 'mp4', 4, '2016-07-21 19:17:47', 'https://www.youtube.com/watch?v=FZ8OPlEQb3I', 'mp4', 'Breaking Bad,Walter White,Meth,Heisenberg'),
(112, 62, 'f624su1ja2', ':) Blanket', 'jpg', 1, '2016-07-21 19:20:05', '', 'jpg', 'Blanket,Gate'),
(113, 62, 'f624uizz6q', 'MRW my chemistry teacher ask what is a standard tool for measuring distance', 'gif', 1, '2016-07-21 19:21:36', '', 'gif', 'Banana,Minions'),
(114, 62, 'f624wcjwhi', 'The Family Business', 'jpg', 2, '2016-07-21 19:23:32', '', 'jpg', 'Panda,MEME,Owner'),
(115, 62, 'f62599tqmp', 'Grand Theft Auto Go', 'jpg', 2, '2016-07-21 19:35:53', '', 'jpg', 'GTA,Pokemon'),
(116, 62, 'f625dcm8ix', 'INSIDE POKEBALL', 'png', 3, '2016-07-21 19:39:53', '', 'png', 'pokemon,pokeball'),
(117, 62, 'f625hm6k4e', 'Accidents Are Rising | Pokemeon', 'mp4', 8, '2016-07-21 19:45:17', 'https://www.youtube.com/watch?v=_kFfX5KMeQI', 'mp4', 'Pokemon,Accidents,Game'),
(118, 62, 'f625kxgmeo', 'Dog Started To Howl', 'mp4', 13, '2016-07-21 19:47:26', '', 'mp4', 'How,Dog,Televisiom'),
(119, 62, 'f625mn4ujs', 'Triggered', 'jpg', 5, '2016-07-21 19:48:46', '', 'jpg', 'Componenets'),
(120, 64, 'f625sw8enm', 'Angry Birds', 'mp4', 6, '2016-07-21 19:56:02', 'https://www.youtube.com/watch?v=OCy0Gw4PGFo', 'mp4', 'angry birds,trailer'),
(121, 58, 'f62m8qb6q8', 'Such A Tragedy', 'mp4', 1, '2016-07-22 05:24:41', '', 'mp4', 'accident,child'),
(122, 0, 'f62vdbakaj', 'Indian Parents', 'mp4', 3, '2016-07-22 10:42:30', 'https://www.youtube.com/watch?v=pIO80kC8Ryo', 'mp4', 'Indian,parents,Studying'),
(123, 0, 'f62vl2ao2x', 'Story Of Pokemon Go', 'png', 10, '2016-07-22 10:46:53', '', 'png', 'Pokemon,Go,Gaming,Story'),
(124, 5, 'f62vrbrhne', 'Gangs Of Wasseypur', 'mp4', 13, '2016-07-22 10:59:40', 'https://www.youtube.com/watch?v=S3PZbL8JGYQ', 'mp4', 'Faizal Khan,Bollywood'),
(125, 5, 'f62vtgtsjw', 'This Is Amazing', 'mp4', 6, '2016-07-22 11:00:07', '', 'mp4', 'Amazig,Wall'),
(126, 5, 'f62wd1m5us', 'The perfect watermelon ', 'jpg', 6, '2016-07-22 11:13:48', '', 'jpg', 'watermelon,fruits'),
(128, 0, 'f640165aje', 'Hypoxia At Higher Altitude', 'mp4', 8, '2016-07-23 10:11:59', 'https://www.youtube.com/watch?v=kUfF2MTnqAw', 'mp4', 'smartereveryday'),
(129, 0, 'f69mevaozv', 'Games Of Thrones Of Gangs Of Wasseypur', 'mp4', 4, '2016-07-28 06:50:09', 'https://www.youtube.com/watch?v=Cab3dN05HCY', 'mp4', 'Games Of Thrones,Gangs Of Wasseypur'),
(130, 0, 'f69mh0mdlh', 'Joffrey Returns As Sardar khan', 'mp4', 3, '2016-07-28 06:55:52', 'https://www.youtube.com/watch?v=Cab3dN05HCY', 'mp4', 'GOT,GOW'),
(131, 0, 'f69mlzh8j1', 'GOT SPOOF CLIP', 'mp4', 4, '2016-07-28 06:57:35', 'https://www.youtube.com/watch?v=Cab3dN05HCY', 'mp4', 'GOT'),
(132, 0, 'f69s9rgjgk', 'How I Laugh In Class?', 'mp4', 2, '2016-07-28 10:13:48', 'https://www.youtube.com/watch?v=UctRZ91m9XA', 'mp4', 'Laugh,Uplift'),
(133, 0, 'f6a347l6ah', 'NSFW AHEAD', 'mp4', 16, '2016-07-28 16:28:30', 'https://www.youtube.com/watch?v=NG_geLWfo2g', 'mp4', 'Why');

-- --------------------------------------------------------

--
-- Table structure for table `upvote`
--

CREATE TABLE `upvote` (
  `image_id` bigint(12) NOT NULL,
  `count` int(11) NOT NULL,
  `date` timestamp NOT NULL DEFAULT CURRENT_TIMESTAMP,
  `type` varchar(60) NOT NULL,
  `user_id` varchar(120) NOT NULL DEFAULT '0'
) ENGINE=InnoDB DEFAULT CHARSET=latin1;

--
-- Dumping data for table `upvote`
--

INSERT INTO `upvote` (`image_id`, `count`, `date`, `type`, `user_id`) VALUES
(104, -1, '2016-07-21 19:24:22', 'downvote', '62'),
(104, 1, '2016-07-21 18:24:35', 'daily', '0'),
(105, 1, '2016-07-21 18:54:20', 'daily', '0'),
(106, 1, '2016-07-21 18:59:06', 'daily', '0'),
(107, 1, '2016-07-21 19:01:06', 'daily', '0'),
(107, 1, '2016-07-24 09:58:29', 'upvote', '65'),
(108, 1, '2016-07-21 19:03:49', 'daily', '0'),
(108, 1, '2016-07-22 09:01:42', 'upvote', '58'),
(109, 1, '2016-07-21 19:06:19', 'daily', '0'),
(109, 1, '2016-07-22 03:55:41', 'upvote', '58'),
(109, 1, '2016-07-21 19:24:11', 'upvote', '62'),
(110, 1, '2016-07-21 19:11:56', 'daily', '0'),
(110, 1, '2016-07-21 19:12:34', 'upvote', '62'),
(111, 1, '2016-07-21 19:17:47', 'daily', '0'),
(112, 1, '2016-07-21 19:20:05', 'daily', '0'),
(113, 1, '2016-07-21 19:21:36', 'daily', '0'),
(114, 1, '2016-07-21 19:23:32', 'daily', '0'),
(115, 1, '2016-07-21 19:35:53', 'daily', '0'),
(116, 1, '2016-07-21 19:39:53', 'daily', '0'),
(116, 1, '2016-07-22 06:28:53', 'upvote', '58'),
(116, 1, '2016-07-21 19:40:03', 'upvote', '62'),
(117, 1, '2016-07-21 19:45:17', 'daily', '0'),
(118, 1, '2016-07-21 19:47:26', 'daily', '0'),
(119, 1, '2016-07-21 19:48:46', 'daily', '0'),
(120, 1, '2016-07-21 19:56:02', 'daily', '0'),
(121, 1, '2016-07-22 05:24:41', 'daily', '0'),
(122, 1, '2016-07-22 10:42:30', 'daily', '0'),
(123, 1, '2016-07-22 10:46:53', 'daily', '0'),
(124, -1, '2016-07-22 11:01:00', 'downvote', '5'),
(124, 1, '2016-07-22 10:59:40', 'daily', '0'),
(125, 1, '2016-07-22 11:00:07', 'daily', '0'),
(125, 1, '2016-07-22 11:40:42', 'upvote', '5'),
(126, 1, '2016-07-22 11:13:48', 'daily', '0'),
(128, 1, '2016-07-23 10:11:59', 'daily', '0'),
(129, 1, '2016-07-28 06:50:09', 'daily', '0'),
(130, 1, '2016-07-28 06:55:52', 'daily', '0'),
(131, 1, '2016-07-28 06:57:35', 'daily', '0'),
(132, 1, '2016-07-28 10:13:48', 'daily', '0'),
(133, 1, '2016-07-28 16:28:30', 'daily', '0');

-- --------------------------------------------------------

--
-- Table structure for table `user`
--

CREATE TABLE `user` (
  `user_id` bigint(12) NOT NULL,
  `email` varchar(50) NOT NULL,
  `name` varchar(100) NOT NULL,
  `type` varchar(30) NOT NULL,
  `join_date` timestamp NOT NULL DEFAULT CURRENT_TIMESTAMP,
  `password` varchar(700) DEFAULT NULL,
  `fb_meta_id` bigint(20) DEFAULT NULL
) ENGINE=InnoDB DEFAULT CHARSET=latin1;

--
-- Dumping data for table `user`
--

INSERT INTO `user` (`user_id`, `email`, `name`, `type`, `join_date`, `password`, `fb_meta_id`) VALUES
(5, 'mulkitpratap@gmail.com', 'Mulkit', 'user_not', '2016-07-21 19:53:00', '31cb07db9fda272090514c6511e31899', NULL),
(58, '1130017750403060@facebook.com', 'Himanshu Dixit', 'user', '2016-07-21 17:24:15', NULL, 1130017750403060),
(59, 'hudixt@gmail.com', 'Himanshu', 'user_not', '2016-07-21 17:53:43', '406e354eb9339425838d7f42b0289346', NULL),
(62, 'hud3ixt@gmail.com', 'Himanshu', 'user_not', '2016-07-21 18:13:09', 'b9be11166d72e9e3ae7fd407165e4bd2', NULL),
(65, 'denutkarsh@gmail.com', 'Utkarsh Dixit', 'user_not', '2016-07-24 09:55:48', '93ff2254137dcc07af135c6eda86063a', NULL),
(68, '1584426235192477@facebook.com', 'Chetan Sharma', 'user', '2016-08-28 09:22:20', NULL, 1584426235192477),
(82, '1816281898601984@facebook.com', 'Utkarsh Dixit', 'user', '2016-08-28 10:44:56', NULL, 1816281898601984);

-- --------------------------------------------------------

--
-- Table structure for table `user_auth`
--

CREATE TABLE `user_auth` (
  `user_id` bigint(12) DEFAULT NULL,
  `auth_type` varchar(25) DEFAULT NULL,
  `auth_value` varchar(180) DEFAULT NULL
) ENGINE=InnoDB DEFAULT CHARSET=latin1;

-- --------------------------------------------------------

--
-- Table structure for table `views`
--

CREATE TABLE `views` (
  `image_id` bigint(12) NOT NULL,
  `count` int(11) NOT NULL,
  `date` timestamp NOT NULL DEFAULT CURRENT_TIMESTAMP,
  `type` varchar(60) NOT NULL
) ENGINE=InnoDB DEFAULT CHARSET=latin1;

--
-- Dumping data for table `views`
--

INSERT INTO `views` (`image_id`, `count`, `date`, `type`) VALUES
(21, 1, '2016-07-19 06:13:37', 'daily'),
(21, 1, '2016-07-19 06:13:50', 'daily'),
(7, 1, '2016-07-19 06:16:14', 'daily'),
(7, 1, '2016-07-19 06:16:33', 'daily'),
(7, 1, '2016-07-19 06:26:23', 'daily'),
(7, 1, '2016-07-19 06:27:05', 'daily'),
(7, 1, '2016-07-19 06:27:51', 'daily'),
(7, 1, '2016-07-19 06:28:43', 'daily'),
(13, 1, '2016-07-19 06:29:05', 'daily'),
(13, 1, '2016-07-19 07:01:49', 'daily'),
(13, 1, '2016-07-19 07:37:37', 'daily'),
(13, 1, '2016-07-19 07:37:53', 'daily'),
(13, 1, '2016-07-19 07:38:17', 'daily'),
(13, 1, '2016-07-19 07:38:29', 'daily'),
(13, 1, '2016-07-19 07:39:02', 'daily'),
(13, 1, '2016-07-19 07:40:40', 'daily'),
(13, 1, '2016-07-19 07:41:46', 'daily'),
(13, 1, '2016-07-19 07:41:56', 'daily'),
(13, 1, '2016-07-19 07:44:03', 'daily'),
(22, 1, '2016-07-19 08:10:28', 'daily'),
(23, 1, '2016-07-19 08:13:12', 'daily'),
(24, 1, '2016-07-19 08:23:03', 'daily'),
(25, 1, '2016-07-19 08:24:30', 'daily'),
(26, 1, '2016-07-19 08:32:33', 'daily'),
(24, 1, '2016-07-19 08:41:18', 'daily'),
(56, 1, '2016-07-19 08:49:48', 'daily'),
(57, 1, '2016-07-19 08:53:14', 'daily'),
(58, 1, '2016-07-19 08:57:21', 'daily'),
(59, 1, '2016-07-19 08:59:25', 'daily'),
(60, 1, '2016-07-19 09:03:26', 'daily'),
(62, 1, '2016-07-19 09:04:51', 'daily'),
(62, 1, '2016-07-19 09:05:09', 'daily'),
(62, 1, '2016-07-19 09:05:16', 'daily'),
(67, 1, '2016-07-19 09:18:12', 'daily'),
(67, 1, '2016-07-19 09:18:34', 'daily'),
(67, 1, '2016-07-19 09:18:58', 'daily'),
(67, 1, '2016-07-19 09:19:56', 'daily'),
(13, 1, '2016-07-19 10:02:14', 'daily'),
(13, 1, '2016-07-19 10:02:40', 'daily'),
(13, 1, '2016-07-19 10:04:45', 'daily'),
(13, 1, '2016-07-19 10:21:59', 'daily'),
(1, 1, '2016-07-19 18:51:09', 'daily'),
(1, 1, '2016-07-19 18:51:19', 'daily'),
(7, 1, '2016-07-19 18:53:59', 'daily'),
(7, 1, '2016-07-19 18:54:40', 'daily'),
(7, 1, '2016-07-19 18:54:53', 'daily'),
(7, 1, '2016-07-19 18:55:05', 'daily'),
(68, 1, '2016-07-19 19:02:19', 'daily'),
(69, 1, '2016-07-19 20:38:48', 'daily'),
(13, 1, '2016-07-19 21:04:03', 'daily'),
(69, 1, '2016-07-19 21:04:21', 'daily'),
(69, 1, '2016-07-19 21:04:31', 'daily'),
(69, 1, '2016-07-19 21:04:33', 'daily'),
(69, 1, '2016-07-19 21:04:53', 'daily'),
(69, 1, '2016-07-19 21:04:54', 'daily'),
(69, 1, '2016-07-19 21:05:14', 'daily'),
(69, 1, '2016-07-19 21:05:18', 'daily'),
(69, 1, '2016-07-19 21:05:49', 'daily'),
(69, 1, '2016-07-19 21:06:10', 'daily'),
(69, 1, '2016-07-19 21:06:55', 'daily'),
(69, 1, '2016-07-20 05:19:07', 'daily'),
(68, 1, '2016-07-20 05:19:15', 'daily'),
(68, 1, '2016-07-20 05:20:04', 'daily'),
(68, 1, '2016-07-20 05:21:43', 'daily'),
(68, 1, '2016-07-20 05:21:47', 'daily'),
(68, 1, '2016-07-20 05:23:34', 'daily'),
(68, 1, '2016-07-20 05:23:35', 'daily'),
(68, 1, '2016-07-20 05:24:34', 'daily'),
(68, 1, '2016-07-20 05:25:19', 'daily'),
(68, 1, '2016-07-20 05:26:45', 'daily'),
(68, 1, '2016-07-20 05:27:05', 'daily'),
(68, 1, '2016-07-20 05:28:00', 'daily'),
(68, 1, '2016-07-20 05:28:29', 'daily'),
(68, 1, '2016-07-20 05:28:44', 'daily'),
(68, 1, '2016-07-20 05:28:58', 'daily'),
(70, 1, '2016-07-20 05:29:35', 'daily'),
(68, 1, '2016-07-20 05:29:39', 'daily'),
(68, 1, '2016-07-20 05:30:17', 'daily'),
(70, 1, '2016-07-20 05:30:19', 'daily'),
(69, 1, '2016-07-20 05:30:22', 'daily'),
(69, 1, '2016-07-20 05:30:33', 'daily'),
(70, 1, '2016-07-20 05:30:35', 'daily'),
(68, 1, '2016-07-20 05:30:37', 'daily'),
(68, 1, '2016-07-20 05:30:38', 'daily'),
(68, 1, '2016-07-20 05:30:39', 'daily'),
(68, 1, '2016-07-20 05:30:39', 'daily'),
(68, 1, '2016-07-20 05:30:39', 'daily'),
(68, 1, '2016-07-20 05:30:39', 'daily'),
(68, 1, '2016-07-20 05:30:39', 'daily'),
(68, 1, '2016-07-20 05:30:40', 'daily'),
(68, 1, '2016-07-20 05:30:41', 'daily'),
(68, 1, '2016-07-20 05:30:43', 'daily'),
(68, 1, '2016-07-20 05:30:44', 'daily'),
(70, 1, '2016-07-20 05:30:44', 'daily'),
(69, 1, '2016-07-20 05:30:46', 'daily'),
(70, 1, '2016-07-20 05:30:48', 'daily'),
(71, 1, '2016-07-20 05:31:20', 'daily'),
(68, 1, '2016-07-20 05:31:22', 'daily'),
(68, 1, '2016-07-20 05:31:48', 'daily'),
(70, 1, '2016-07-20 06:05:56', 'daily'),
(71, 1, '2016-07-20 07:27:00', 'daily'),
(69, 1, '2016-07-20 09:01:45', 'daily'),
(69, 1, '2016-07-20 09:12:50', 'daily'),
(69, 1, '2016-07-20 09:13:04', 'daily'),
(69, 1, '2016-07-20 09:13:32', 'daily'),
(69, 1, '2016-07-20 09:13:37', 'daily'),
(69, 1, '2016-07-20 09:13:57', 'daily'),
(71, 1, '2016-07-20 09:14:03', 'daily'),
(70, 1, '2016-07-20 09:14:05', 'daily'),
(68, 1, '2016-07-20 09:14:06', 'daily'),
(71, 1, '2016-07-20 09:14:07', 'daily'),
(69, 1, '2016-07-20 09:14:08', 'daily'),
(69, 1, '2016-07-20 09:14:09', 'daily'),
(70, 1, '2016-07-20 09:14:10', 'daily'),
(71, 1, '2016-07-20 09:14:10', 'daily'),
(70, 1, '2016-07-20 09:14:11', 'daily'),
(71, 1, '2016-07-20 09:14:13', 'daily'),
(70, 1, '2016-07-20 09:14:15', 'daily'),
(69, 1, '2016-07-20 09:14:17', 'daily'),
(69, 1, '2016-07-20 09:14:27', 'daily'),
(71, 1, '2016-07-20 09:14:32', 'daily'),
(68, 1, '2016-07-20 09:14:35', 'daily'),
(69, 1, '2016-07-20 09:14:36', 'daily'),
(69, 1, '2016-07-20 09:14:37', 'daily'),
(68, 1, '2016-07-20 09:14:38', 'daily'),
(71, 1, '2016-07-20 09:14:39', 'daily'),
(69, 1, '2016-07-20 09:14:40', 'daily'),
(69, 1, '2016-07-20 09:14:40', 'daily'),
(70, 1, '2016-07-20 09:14:42', 'daily'),
(68, 1, '2016-07-20 09:14:44', 'daily'),
(70, 1, '2016-07-20 09:14:45', 'daily'),
(68, 1, '2016-07-20 09:14:46', 'daily'),
(68, 1, '2016-07-20 09:14:47', 'daily'),
(71, 1, '2016-07-20 09:14:48', 'daily'),
(71, 1, '2016-07-20 09:14:50', 'daily'),
(69, 1, '2016-07-20 09:14:51', 'daily'),
(71, 1, '2016-07-20 09:14:52', 'daily'),
(70, 1, '2016-07-20 09:28:24', 'daily'),
(70, 1, '2016-07-20 09:29:54', 'daily'),
(70, 1, '2016-07-20 09:30:31', 'daily'),
(70, 1, '2016-07-20 09:30:43', 'daily'),
(71, 1, '2016-07-20 09:35:09', 'daily'),
(69, 1, '2016-07-20 09:48:44', 'daily'),
(71, 1, '2016-07-20 10:33:09', 'daily'),
(72, 1, '2016-07-20 10:34:08', 'daily'),
(72, 1, '2016-07-20 10:34:32', 'daily'),
(68, 1, '2016-07-20 10:53:51', 'daily'),
(71, 1, '2016-07-20 10:53:56', 'daily'),
(73, 1, '2016-07-20 12:40:20', 'daily'),
(74, 1, '2016-07-20 12:40:30', 'daily'),
(75, 1, '2016-07-20 12:40:40', 'daily'),
(76, 1, '2016-07-20 12:40:48', 'daily'),
(77, 1, '2016-07-20 12:41:01', 'daily'),
(77, 1, '2016-07-20 12:41:05', 'daily'),
(72, 1, '2016-07-20 12:41:54', 'daily'),
(78, 1, '2016-07-20 12:58:29', 'daily'),
(79, 1, '2016-07-20 12:58:36', 'daily'),
(80, 1, '2016-07-20 12:58:47', 'daily'),
(81, 1, '2016-07-20 12:59:00', 'daily'),
(82, 1, '2016-07-20 12:59:08', 'daily'),
(83, 1, '2016-07-20 12:59:41', 'daily'),
(84, 1, '2016-07-20 12:59:51', 'daily'),
(84, 1, '2016-07-20 13:00:24', 'daily'),
(84, 1, '2016-07-20 13:00:28', 'daily'),
(84, 1, '2016-07-20 13:00:29', 'daily'),
(84, 1, '2016-07-20 13:00:33', 'daily'),
(84, 1, '2016-07-20 13:00:34', 'daily'),
(84, 1, '2016-07-20 13:00:35', 'daily'),
(85, 1, '2016-07-20 13:10:45', 'daily'),
(85, 1, '2016-07-20 13:11:16', 'daily'),
(85, 1, '2016-07-20 13:15:29', 'daily'),
(68, 1, '2016-07-20 14:09:18', 'daily'),
(85, 1, '2016-07-20 14:10:04', 'daily'),
(71, 1, '2016-07-20 14:21:14', 'daily'),
(76, 1, '2016-07-20 14:23:34', 'daily'),
(82, 1, '2016-07-20 14:23:35', 'daily'),
(79, 1, '2016-07-20 14:23:37', 'daily'),
(68, 1, '2016-07-20 14:23:39', 'daily'),
(73, 1, '2016-07-20 14:23:40', 'daily'),
(82, 1, '2016-07-20 14:23:42', 'daily'),
(69, 1, '2016-07-20 14:23:44', 'daily'),
(82, 1, '2016-07-20 14:23:45', 'daily'),
(74, 1, '2016-07-20 14:23:47', 'daily'),
(71, 1, '2016-07-20 14:23:48', 'daily'),
(82, 1, '2016-07-20 14:23:49', 'daily'),
(82, 1, '2016-07-20 14:23:50', 'daily'),
(81, 1, '2016-07-20 14:23:51', 'daily'),
(81, 1, '2016-07-20 14:24:56', 'daily'),
(80, 1, '2016-07-20 14:29:45', 'daily'),
(78, 1, '2016-07-20 14:29:49', 'daily'),
(83, 1, '2016-07-20 14:30:03', 'daily'),
(83, 1, '2016-07-20 14:30:13', 'daily'),
(78, 1, '2016-07-20 14:30:52', 'daily'),
(83, 1, '2016-07-20 14:30:55', 'daily'),
(78, 1, '2016-07-20 14:30:55', 'daily'),
(83, 1, '2016-07-20 14:30:55', 'daily'),
(78, 1, '2016-07-20 14:30:55', 'daily'),
(83, 1, '2016-07-20 14:30:56', 'daily'),
(76, 1, '2016-07-20 14:32:59', 'daily'),
(77, 1, '2016-07-20 14:32:59', 'daily'),
(80, 1, '2016-07-20 14:32:59', 'daily'),
(77, 1, '2016-07-20 14:32:59', 'daily'),
(80, 1, '2016-07-20 14:33:00', 'daily'),
(77, 1, '2016-07-20 14:33:00', 'daily'),
(80, 1, '2016-07-20 14:33:00', 'daily'),
(77, 1, '2016-07-20 14:33:00', 'daily'),
(80, 1, '2016-07-20 14:33:00', 'daily'),
(77, 1, '2016-07-20 14:33:10', 'daily'),
(73, 1, '2016-07-20 14:33:12', 'daily'),
(71, 1, '2016-07-20 15:07:32', 'daily'),
(69, 1, '2016-07-20 15:18:41', 'daily'),
(69, 1, '2016-07-20 16:17:41', 'daily'),
(72, 1, '2016-07-20 16:17:43', 'daily'),
(69, 1, '2016-07-20 16:17:50', 'daily'),
(69, 1, '2016-07-20 16:19:34', 'daily'),
(69, 1, '2016-07-20 16:19:59', 'daily'),
(69, 1, '2016-07-20 16:20:45', 'daily'),
(69, 1, '2016-07-20 16:21:19', 'daily'),
(69, 1, '2016-07-20 16:21:36', 'daily'),
(69, 1, '2016-07-20 16:21:45', 'daily'),
(69, 1, '2016-07-20 16:22:55', 'daily'),
(69, 1, '2016-07-20 16:23:20', 'daily'),
(69, 1, '2016-07-20 16:24:57', 'daily'),
(69, 1, '2016-07-20 16:25:19', 'daily'),
(69, 1, '2016-07-20 16:26:07', 'daily'),
(69, 1, '2016-07-20 16:26:28', 'daily'),
(69, 1, '2016-07-20 16:26:30', 'daily'),
(69, 1, '2016-07-20 16:26:34', 'daily'),
(69, 1, '2016-07-20 16:27:04', 'daily'),
(69, 1, '2016-07-20 16:27:17', 'daily'),
(69, 1, '2016-07-20 16:27:39', 'daily'),
(69, 1, '2016-07-20 16:27:54', 'daily'),
(69, 1, '2016-07-20 16:28:42', 'daily'),
(69, 1, '2016-07-20 16:28:51', 'daily'),
(69, 1, '2016-07-20 16:29:52', 'daily'),
(69, 1, '2016-07-20 16:30:01', 'daily'),
(69, 1, '2016-07-20 16:30:39', 'daily'),
(69, 1, '2016-07-20 16:30:53', 'daily'),
(69, 1, '2016-07-20 16:31:05', 'daily'),
(69, 1, '2016-07-20 16:31:46', 'daily'),
(69, 1, '2016-07-20 16:31:53', 'daily'),
(69, 1, '2016-07-20 16:32:03', 'daily'),
(69, 1, '2016-07-20 16:32:22', 'daily'),
(71, 1, '2016-07-20 16:34:16', 'daily'),
(71, 1, '2016-07-20 16:34:58', 'daily'),
(71, 1, '2016-07-20 16:35:09', 'daily'),
(71, 1, '2016-07-20 16:36:17', 'daily'),
(69, 1, '2016-07-20 17:10:05', 'daily'),
(69, 1, '2016-07-20 17:10:08', 'daily'),
(69, 1, '2016-07-20 17:12:26', 'daily'),
(69, 1, '2016-07-20 17:12:38', 'daily'),
(71, 1, '2016-07-20 17:12:58', 'daily'),
(71, 1, '2016-07-20 17:22:53', 'daily'),
(71, 1, '2016-07-20 17:24:27', 'daily'),
(71, 1, '2016-07-20 17:24:49', 'daily'),
(71, 1, '2016-07-20 17:25:07', 'daily'),
(71, 1, '2016-07-20 17:25:18', 'daily'),
(69, 1, '2016-07-20 17:28:43', 'daily'),
(69, 1, '2016-07-20 17:29:32', 'daily'),
(69, 1, '2016-07-20 17:29:39', 'daily'),
(68, 1, '2016-07-20 17:30:45', 'daily'),
(69, 1, '2016-07-20 17:30:45', 'daily'),
(68, 1, '2016-07-20 17:30:47', 'daily'),
(68, 1, '2016-07-20 17:31:08', 'daily'),
(68, 1, '2016-07-20 17:31:22', 'daily'),
(71, 1, '2016-07-20 17:32:02', 'daily'),
(71, 1, '2016-07-20 17:32:07', 'daily'),
(71, 1, '2016-07-20 17:33:12', 'daily'),
(71, 1, '2016-07-20 17:34:02', 'daily'),
(71, 1, '2016-07-20 17:34:31', 'daily'),
(71, 1, '2016-07-20 17:35:45', 'daily'),
(72, 1, '2016-07-20 17:50:42', 'daily'),
(72, 1, '2016-07-20 17:50:50', 'daily'),
(72, 1, '2016-07-20 17:51:10', 'daily'),
(72, 1, '2016-07-20 17:52:06', 'daily'),
(72, 1, '2016-07-20 17:53:33', 'daily'),
(72, 1, '2016-07-20 17:53:54', 'daily'),
(72, 1, '2016-07-20 17:53:59', 'daily'),
(72, 1, '2016-07-20 17:54:02', 'daily'),
(72, 1, '2016-07-20 17:54:52', 'daily'),
(72, 1, '2016-07-20 17:55:34', 'daily'),
(72, 1, '2016-07-20 17:56:55', 'daily'),
(72, 1, '2016-07-20 17:57:09', 'daily'),
(72, 1, '2016-07-20 17:57:47', 'daily'),
(72, 1, '2016-07-20 17:59:35', 'daily'),
(70, 1, '2016-07-20 17:59:40', 'daily'),
(70, 1, '2016-07-20 18:02:21', 'daily'),
(70, 1, '2016-07-20 18:03:54', 'daily'),
(70, 1, '2016-07-20 18:04:19', 'daily'),
(70, 1, '2016-07-20 18:09:12', 'daily'),
(70, 1, '2016-07-20 18:10:04', 'daily'),
(70, 1, '2016-07-20 18:11:23', 'daily'),
(70, 1, '2016-07-20 18:12:36', 'daily'),
(70, 1, '2016-07-20 18:12:44', 'daily'),
(71, 1, '2016-07-20 18:12:47', 'daily'),
(68, 1, '2016-07-20 18:13:56', 'daily'),
(72, 1, '2016-07-20 18:13:58', 'daily'),
(68, 1, '2016-07-20 18:14:04', 'daily'),
(86, 1, '2016-07-20 18:23:21', 'daily'),
(86, 1, '2016-07-20 18:24:51', 'daily'),
(86, 1, '2016-07-20 18:26:54', 'daily'),
(86, 1, '2016-07-20 18:27:15', 'daily'),
(86, 1, '2016-07-20 18:27:29', 'daily'),
(86, 1, '2016-07-20 18:27:31', 'daily'),
(86, 1, '2016-07-20 18:27:52', 'daily'),
(86, 1, '2016-07-20 18:28:05', 'daily'),
(86, 1, '2016-07-20 18:29:27', 'daily'),
(86, 1, '2016-07-20 18:30:00', 'daily'),
(86, 1, '2016-07-20 18:36:23', 'daily'),
(71, 1, '2016-07-20 19:09:42', 'daily'),
(71, 1, '2016-07-20 19:10:25', 'daily'),
(71, 1, '2016-07-20 19:10:57', 'daily'),
(71, 1, '2016-07-20 19:11:20', 'daily'),
(71, 1, '2016-07-20 19:14:44', 'daily'),
(71, 1, '2016-07-20 19:14:58', 'daily'),
(71, 1, '2016-07-20 19:15:39', 'daily'),
(71, 1, '2016-07-20 19:30:35', 'daily'),
(71, 1, '2016-07-20 19:33:09', 'daily'),
(71, 1, '2016-07-20 19:33:27', 'daily'),
(71, 1, '2016-07-20 19:37:35', 'daily'),
(71, 1, '2016-07-20 19:37:59', 'daily'),
(71, 1, '2016-07-20 19:38:03', 'daily'),
(71, 1, '2016-07-20 19:41:04', 'daily'),
(71, 1, '2016-07-20 19:41:14', 'daily'),
(71, 1, '2016-07-20 19:41:40', 'daily'),
(71, 1, '2016-07-20 19:41:40', 'daily'),
(71, 1, '2016-07-20 19:43:49', 'daily'),
(71, 1, '2016-07-20 19:44:07', 'daily'),
(71, 1, '2016-07-20 19:44:16', 'daily'),
(71, 1, '2016-07-20 19:44:29', 'daily'),
(71, 1, '2016-07-20 19:44:45', 'daily'),
(71, 1, '2016-07-20 19:44:57', 'daily'),
(71, 1, '2016-07-20 19:45:48', 'daily'),
(71, 1, '2016-07-20 19:46:01', 'daily'),
(71, 1, '2016-07-20 19:46:37', 'daily'),
(71, 1, '2016-07-20 19:46:52', 'daily'),
(71, 1, '2016-07-20 19:47:06', 'daily'),
(71, 1, '2016-07-20 19:47:11', 'daily'),
(71, 1, '2016-07-20 19:47:13', 'daily'),
(71, 1, '2016-07-20 19:47:26', 'daily'),
(71, 1, '2016-07-20 19:47:41', 'daily'),
(71, 1, '2016-07-20 19:48:13', 'daily'),
(71, 1, '2016-07-20 19:48:19', 'daily'),
(71, 1, '2016-07-20 19:48:26', 'daily'),
(71, 1, '2016-07-20 19:48:45', 'daily'),
(71, 1, '2016-07-20 19:49:40', 'daily'),
(71, 1, '2016-07-20 19:51:18', 'daily'),
(71, 1, '2016-07-20 19:51:47', 'daily'),
(71, 1, '2016-07-20 19:52:18', 'daily'),
(71, 1, '2016-07-20 19:54:29', 'daily'),
(71, 1, '2016-07-20 19:54:34', 'daily'),
(71, 1, '2016-07-20 19:54:56', 'daily'),
(71, 1, '2016-07-20 19:55:15', 'daily'),
(71, 1, '2016-07-20 19:55:48', 'daily'),
(71, 1, '2016-07-20 19:56:29', 'daily'),
(71, 1, '2016-07-20 19:59:07', 'daily'),
(71, 1, '2016-07-20 19:59:33', 'daily'),
(71, 1, '2016-07-20 19:59:58', 'daily'),
(71, 1, '2016-07-20 20:00:06', 'daily'),
(71, 1, '2016-07-20 20:01:22', 'daily'),
(71, 1, '2016-07-20 20:02:43', 'daily'),
(71, 1, '2016-07-20 20:02:55', 'daily'),
(71, 1, '2016-07-20 20:03:11', 'daily'),
(71, 1, '2016-07-20 20:03:42', 'daily'),
(71, 1, '2016-07-20 20:03:45', 'daily'),
(71, 1, '2016-07-20 20:04:00', 'daily'),
(71, 1, '2016-07-20 20:05:33', 'daily'),
(71, 1, '2016-07-20 20:06:58', 'daily'),
(71, 1, '2016-07-20 20:10:11', 'daily'),
(71, 1, '2016-07-20 20:10:49', 'daily'),
(71, 1, '2016-07-20 20:11:46', 'daily'),
(71, 1, '2016-07-20 20:12:37', 'daily'),
(71, 1, '2016-07-20 20:14:34', 'daily'),
(71, 1, '2016-07-20 20:15:16', 'daily'),
(71, 1, '2016-07-20 20:15:34', 'daily'),
(71, 1, '2016-07-20 20:15:56', 'daily'),
(71, 1, '2016-07-20 20:16:43', 'daily'),
(71, 1, '2016-07-20 20:17:06', 'daily'),
(71, 1, '2016-07-20 20:18:47', 'daily'),
(71, 1, '2016-07-20 20:19:39', 'daily'),
(71, 1, '2016-07-20 20:27:00', 'daily'),
(71, 1, '2016-07-20 20:27:05', 'daily'),
(71, 1, '2016-07-20 20:31:50', 'daily'),
(71, 1, '2016-07-20 20:37:19', 'daily'),
(71, 1, '2016-07-20 20:39:37', 'daily'),
(71, 1, '2016-07-20 20:43:48', 'daily'),
(71, 1, '2016-07-20 20:44:43', 'daily'),
(71, 1, '2016-07-20 20:45:40', 'daily'),
(71, 1, '2016-07-20 20:46:38', 'daily'),
(87, 1, '2016-07-20 20:50:38', 'daily'),
(87, 1, '2016-07-20 20:50:56', 'daily'),
(88, 1, '2016-07-20 21:13:30', 'daily'),
(88, 1, '2016-07-20 21:13:48', 'daily'),
(88, 1, '2016-07-20 21:13:57', 'daily'),
(88, 1, '2016-07-20 21:14:18', 'daily'),
(71, 1, '2016-07-20 21:14:32', 'daily'),
(71, 1, '2016-07-20 21:14:34', 'daily'),
(71, 1, '2016-07-20 21:16:29', 'daily'),
(71, 1, '2016-07-20 21:17:20', 'daily'),
(71, 1, '2016-07-20 21:17:53', 'daily'),
(71, 1, '2016-07-20 21:18:05', 'daily'),
(71, 1, '2016-07-20 21:19:17', 'daily'),
(71, 1, '2016-07-20 21:20:13', 'daily'),
(71, 1, '2016-07-20 21:20:41', 'daily'),
(71, 1, '2016-07-20 21:21:40', 'daily'),
(71, 1, '2016-07-20 21:24:35', 'daily'),
(71, 1, '2016-07-20 21:24:50', 'daily'),
(71, 1, '2016-07-20 21:25:26', 'daily'),
(71, 1, '2016-07-20 21:25:46', 'daily'),
(88, 1, '2016-07-20 21:26:18', 'daily'),
(71, 1, '2016-07-21 04:56:54', 'daily'),
(88, 1, '2016-07-21 05:41:38', 'daily'),
(71, 1, '2016-07-21 06:36:00', 'daily'),
(89, 1, '2016-07-21 06:39:31', 'daily'),
(89, 1, '2016-07-21 06:39:37', 'daily'),
(89, 1, '2016-07-21 06:39:42', 'daily'),
(88, 1, '2016-07-21 07:04:30', 'daily'),
(71, 1, '2016-07-21 07:04:31', 'daily'),
(90, 1, '2016-07-21 07:05:20', 'daily'),
(90, 1, '2016-07-21 07:05:29', 'daily'),
(90, 1, '2016-07-21 07:05:34', 'daily'),
(71, 1, '2016-07-21 07:05:37', 'daily'),
(71, 1, '2016-07-21 07:06:52', 'daily'),
(89, 1, '2016-07-21 07:07:06', 'daily'),
(89, 1, '2016-07-21 08:00:02', 'daily'),
(95, 1, '2016-07-21 08:03:36', 'daily'),
(88, 1, '2016-07-21 08:07:46', 'daily'),
(88, 1, '2016-07-21 08:07:48', 'daily'),
(88, 1, '2016-07-21 08:08:30', 'daily'),
(88, 1, '2016-07-21 08:08:58', 'daily'),
(90, 1, '2016-07-21 08:09:16', 'daily'),
(71, 1, '2016-07-21 08:09:21', 'daily'),
(88, 1, '2016-07-21 08:09:23', 'daily'),
(87, 1, '2016-07-21 08:09:24', 'daily'),
(90, 1, '2016-07-21 08:09:25', 'daily'),
(95, 1, '2016-07-21 08:09:26', 'daily'),
(88, 1, '2016-07-21 08:12:08', 'daily'),
(97, 1, '2016-07-21 08:12:28', 'daily'),
(97, 1, '2016-07-21 08:13:02', 'daily'),
(87, 1, '2016-07-21 08:13:04', 'daily'),
(87, 1, '2016-07-21 08:13:07', 'daily'),
(87, 1, '2016-07-21 08:15:26', 'daily'),
(88, 1, '2016-07-21 10:38:33', 'daily'),
(97, 1, '2016-07-21 10:47:15', 'daily'),
(98, 1, '2016-07-21 11:20:54', 'daily'),
(99, 1, '2016-07-21 11:22:35', 'daily'),
(99, 1, '2016-07-21 11:22:45', 'daily'),
(99, 1, '2016-07-21 11:22:51', 'daily'),
(99, 1, '2016-07-21 11:23:00', 'daily'),
(100, 1, '2016-07-21 11:23:53', 'daily'),
(100, 1, '2016-07-21 11:24:06', 'daily'),
(87, 1, '2016-07-21 11:24:39', 'daily'),
(100, 1, '2016-07-21 11:24:41', 'daily'),
(99, 1, '2016-07-21 11:24:42', 'daily'),
(100, 1, '2016-07-21 11:24:43', 'daily'),
(90, 1, '2016-07-21 11:24:44', 'daily'),
(87, 1, '2016-07-21 11:24:46', 'daily'),
(101, 1, '2016-07-21 11:26:01', 'daily'),
(101, 1, '2016-07-21 11:26:11', 'daily'),
(102, 1, '2016-07-21 11:28:35', 'daily'),
(102, 1, '2016-07-21 11:28:42', 'daily'),
(103, 1, '2016-07-21 11:32:28', 'daily'),
(95, 1, '2016-07-21 11:41:36', 'daily'),
(95, 1, '2016-07-21 11:41:41', 'daily'),
(95, 1, '2016-07-21 11:41:45', 'daily'),
(71, 1, '2016-07-21 11:42:40', 'daily'),
(71, 1, '2016-07-21 11:42:57', 'daily'),
(71, 1, '2016-07-21 11:42:58', 'daily'),
(71, 1, '2016-07-21 11:50:21', 'daily'),
(71, 1, '2016-07-21 11:51:01', 'daily'),
(98, 1, '2016-07-21 11:51:17', 'daily'),
(98, 1, '2016-07-21 11:52:10', 'daily'),
(102, 1, '2016-07-21 11:52:25', 'daily'),
(88, 1, '2016-07-21 11:55:53', 'daily'),
(88, 1, '2016-07-21 11:56:01', 'daily'),
(71, 1, '2016-07-21 11:57:45', 'daily'),
(88, 1, '2016-07-21 14:00:08', 'daily'),
(88, 1, '2016-07-21 14:00:12', 'daily'),
(104, 1, '2016-07-21 18:24:36', 'daily'),
(104, 1, '2016-07-21 18:25:20', 'daily'),
(104, 1, '2016-07-21 18:25:35', 'daily'),
(104, 1, '2016-07-21 18:26:39', 'daily'),
(104, 1, '2016-07-21 18:28:31', 'daily'),
(104, 1, '2016-07-21 18:28:38', 'daily'),
(104, 1, '2016-07-21 18:32:12', 'daily'),
(104, 1, '2016-07-21 18:32:31', 'daily'),
(104, 1, '2016-07-21 18:32:52', 'daily'),
(104, 1, '2016-07-21 18:33:29', 'daily'),
(104, 1, '2016-07-21 18:33:42', 'daily'),
(104, 1, '2016-07-21 18:33:49', 'daily'),
(104, 1, '2016-07-21 18:35:24', 'daily'),
(104, 1, '2016-07-21 18:35:37', 'daily'),
(104, 1, '2016-07-21 18:35:38', 'daily'),
(104, 1, '2016-07-21 18:36:05', 'daily'),
(104, 1, '2016-07-21 18:45:33', 'daily'),
(104, 1, '2016-07-21 18:45:40', 'daily'),
(104, 1, '2016-07-21 18:48:28', 'daily'),
(105, 1, '2016-07-21 18:54:21', 'daily'),
(105, 1, '2016-07-21 18:54:27', 'daily'),
(105, 1, '2016-07-21 18:54:50', 'daily'),
(106, 1, '2016-07-21 18:59:07', 'daily'),
(106, 1, '2016-07-21 18:59:16', 'daily'),
(107, 1, '2016-07-21 19:01:07', 'daily'),
(108, 1, '2016-07-21 19:03:50', 'daily'),
(108, 1, '2016-07-21 19:04:04', 'daily'),
(108, 1, '2016-07-21 19:04:18', 'daily'),
(109, 1, '2016-07-21 19:06:19', 'daily'),
(109, 1, '2016-07-21 19:06:34', 'daily'),
(110, 1, '2016-07-21 19:11:56', 'daily'),
(104, 1, '2016-07-21 19:12:29', 'daily'),
(110, 1, '2016-07-21 19:12:31', 'daily'),
(110, 1, '2016-07-21 19:12:35', 'daily'),
(110, 1, '2016-07-21 19:12:35', 'daily'),
(110, 1, '2016-07-21 19:12:36', 'daily'),
(110, 1, '2016-07-21 19:12:36', 'daily'),
(110, 1, '2016-07-21 19:12:37', 'daily'),
(110, 1, '2016-07-21 19:12:38', 'daily'),
(110, 1, '2016-07-21 19:12:39', 'daily'),
(110, 1, '2016-07-21 19:12:40', 'daily'),
(110, 1, '2016-07-21 19:12:41', 'daily'),
(110, 1, '2016-07-21 19:12:41', 'daily'),
(110, 1, '2016-07-21 19:12:42', 'daily'),
(110, 1, '2016-07-21 19:12:42', 'daily'),
(110, 1, '2016-07-21 19:13:15', 'daily'),
(106, 1, '2016-07-21 19:13:25', 'daily'),
(107, 1, '2016-07-21 19:13:48', 'daily'),
(107, 1, '2016-07-21 19:13:55', 'daily'),
(111, 1, '2016-07-21 19:17:48', 'daily'),
(111, 1, '2016-07-21 19:18:06', 'daily'),
(112, 1, '2016-07-21 19:20:05', 'daily'),
(113, 1, '2016-07-21 19:21:36', 'daily'),
(113, 1, '2016-07-21 19:21:49', 'daily'),
(105, 1, '2016-07-21 19:22:00', 'daily'),
(114, 1, '2016-07-21 19:23:32', 'daily'),
(112, 1, '2016-07-21 19:23:51', 'daily'),
(106, 1, '2016-07-21 19:24:00', 'daily'),
(109, 1, '2016-07-21 19:24:08', 'daily'),
(104, 1, '2016-07-21 19:24:19', 'daily'),
(115, 1, '2016-07-21 19:35:54', 'daily'),
(116, 1, '2016-07-21 19:39:53', 'daily'),
(116, 1, '2016-07-21 19:40:12', 'daily'),
(117, 1, '2016-07-21 19:45:17', 'daily'),
(117, 1, '2016-07-21 19:45:31', 'daily'),
(118, 1, '2016-07-21 19:47:26', 'daily'),
(118, 1, '2016-07-21 19:47:32', 'daily'),
(119, 1, '2016-07-21 19:48:47', 'daily'),
(109, 1, '2016-07-21 19:49:10', 'daily'),
(110, 1, '2016-07-21 19:50:35', 'daily'),
(110, 1, '2016-07-21 19:51:43', 'daily'),
(110, 1, '2016-07-21 19:52:38', 'daily'),
(120, 1, '2016-07-21 19:56:03', 'daily'),
(120, 1, '2016-07-21 19:56:21', 'daily'),
(120, 1, '2016-07-21 19:56:30', 'daily'),
(107, 1, '2016-07-22 03:54:53', 'daily'),
(109, 1, '2016-07-22 03:55:37', 'daily'),
(117, 1, '2016-07-22 04:38:24', 'daily'),
(117, 1, '2016-07-22 04:38:28', 'daily'),
(109, 1, '2016-07-22 04:39:34', 'daily'),
(116, 1, '2016-07-22 04:39:47', 'daily'),
(116, 1, '2016-07-22 05:03:01', 'daily'),
(109, 1, '2016-07-22 05:16:44', 'daily'),
(109, 1, '2016-07-22 05:17:48', 'daily'),
(110, 1, '2016-07-22 05:17:56', 'daily'),
(109, 1, '2016-07-22 05:19:32', 'daily'),
(109, 1, '2016-07-22 05:19:44', 'daily'),
(109, 1, '2016-07-22 05:19:54', 'daily'),
(116, 1, '2016-07-22 05:20:07', 'daily'),
(116, 1, '2016-07-22 05:23:13', 'daily'),
(121, 1, '2016-07-22 05:24:41', 'daily'),
(121, 1, '2016-07-22 05:25:06', 'daily'),
(109, 1, '2016-07-22 05:26:25', 'daily'),
(121, 1, '2016-07-22 05:26:32', 'daily'),
(110, 1, '2016-07-22 05:37:59', 'daily'),
(110, 1, '2016-07-22 05:38:32', 'daily'),
(109, 1, '2016-07-22 06:18:51', 'daily'),
(110, 1, '2016-07-22 06:19:08', 'daily'),
(115, 1, '2016-07-22 06:19:11', 'daily'),
(116, 1, '2016-07-22 06:19:40', 'daily'),
(115, 1, '2016-07-22 06:19:50', 'daily'),
(110, 1, '2016-07-22 06:19:58', 'daily'),
(117, 1, '2016-07-22 06:20:47', 'daily'),
(110, 1, '2016-07-22 06:20:56', 'daily'),
(115, 1, '2016-07-22 06:20:57', 'daily'),
(110, 1, '2016-07-22 06:21:03', 'daily'),
(110, 1, '2016-07-22 06:21:08', 'daily'),
(117, 1, '2016-07-22 06:21:26', 'daily'),
(117, 1, '2016-07-22 06:28:34', 'daily'),
(116, 1, '2016-07-22 06:28:48', 'daily'),
(110, 1, '2016-07-22 06:31:43', 'daily'),
(110, 1, '2016-07-22 06:32:55', 'daily'),
(110, 1, '2016-07-22 06:36:24', 'daily'),
(116, 1, '2016-07-22 06:39:32', 'daily'),
(110, 1, '2016-07-22 06:39:42', 'daily'),
(111, 1, '2016-07-22 06:40:58', 'daily'),
(113, 1, '2016-07-22 06:41:42', 'daily'),
(121, 1, '2016-07-22 06:41:58', 'daily'),
(121, 1, '2016-07-22 06:41:58', 'daily'),
(121, 1, '2016-07-22 06:42:05', 'daily'),
(121, 1, '2016-07-22 06:46:03', 'daily'),
(121, 1, '2016-07-22 06:47:59', 'daily'),
(117, 1, '2016-07-22 06:55:48', 'daily'),
(117, 1, '2016-07-22 06:55:56', 'daily'),
(117, 1, '2016-07-22 06:55:58', 'daily'),
(117, 1, '2016-07-22 07:06:24', 'daily'),
(117, 1, '2016-07-22 07:06:24', 'daily'),
(118, 1, '2016-07-22 07:07:15', 'daily'),
(110, 1, '2016-07-22 07:09:47', 'daily'),
(109, 1, '2016-07-22 07:25:28', 'daily'),
(118, 1, '2016-07-22 07:26:02', 'daily'),
(116, 1, '2016-07-22 07:26:23', 'daily'),
(109, 1, '2016-07-22 08:40:20', 'daily'),
(110, 1, '2016-07-22 08:40:37', 'daily'),
(121, 1, '2016-07-22 08:40:56', 'daily'),
(121, 1, '2016-07-22 08:41:06', 'daily'),
(115, 1, '2016-07-22 08:41:38', 'daily'),
(120, 1, '2016-07-22 08:42:01', 'daily'),
(104, 1, '2016-07-22 08:42:47', 'daily'),
(120, 1, '2016-07-22 08:43:06', 'daily'),
(111, 1, '2016-07-22 08:43:12', 'daily'),
(117, 1, '2016-07-22 08:43:35', 'daily'),
(116, 1, '2016-07-22 08:43:57', 'daily'),
(120, 1, '2016-07-22 08:46:25', 'daily'),
(110, 1, '2016-07-22 09:00:15', 'daily'),
(109, 1, '2016-07-22 09:00:44', 'daily'),
(117, 1, '2016-07-22 09:00:57', 'daily'),
(116, 1, '2016-07-22 09:01:10', 'daily'),
(108, 1, '2016-07-22 09:01:25', 'daily'),
(108, 1, '2016-07-22 09:01:40', 'daily'),
(108, 1, '2016-07-22 09:02:05', 'daily'),
(118, 1, '2016-07-22 09:02:11', 'daily'),
(121, 1, '2016-07-22 09:02:40', 'daily'),
(116, 1, '2016-07-22 09:26:39', 'daily'),
(109, 1, '2016-07-22 10:02:25', 'daily'),
(109, 1, '2016-07-22 10:03:30', 'daily'),
(116, 1, '2016-07-22 10:15:37', 'daily'),
(116, 1, '2016-07-22 10:16:20', 'daily'),
(116, 1, '2016-07-22 10:16:34', 'daily'),
(109, 1, '2016-07-22 10:16:38', 'daily'),
(109, 1, '2016-07-22 10:17:22', 'daily'),
(110, 1, '2016-07-22 10:17:50', 'daily'),
(109, 1, '2016-07-22 10:17:55', 'daily'),
(109, 1, '2016-07-22 10:17:57', 'daily'),
(116, 1, '2016-07-22 10:17:59', 'daily'),
(116, 1, '2016-07-22 10:20:51', 'daily'),
(122, 1, '2016-07-22 10:42:31', 'daily'),
(122, 1, '2016-07-22 10:43:13', 'daily'),
(123, 1, '2016-07-22 10:46:55', 'daily'),
(124, 1, '2016-07-22 10:59:40', 'daily'),
(125, 1, '2016-07-22 11:00:08', 'daily'),
(124, 1, '2016-07-22 11:00:13', 'daily'),
(124, 1, '2016-07-22 11:00:16', 'daily'),
(124, 1, '2016-07-22 11:00:19', 'daily'),
(122, 1, '2016-07-22 11:01:08', 'daily'),
(114, 1, '2016-07-22 11:01:36', 'daily'),
(123, 1, '2016-07-22 11:04:54', 'daily'),
(126, 1, '2016-07-22 11:13:49', 'daily'),
(126, 1, '2016-07-22 11:38:26', 'daily'),
(109, 1, '2016-07-22 11:38:44', 'daily'),
(125, 1, '2016-07-22 11:40:39', 'daily'),
(104, 1, '2016-07-22 11:41:33', 'daily'),
(109, 1, '2016-07-22 11:44:03', 'daily'),
(110, 1, '2016-07-22 11:44:03', 'daily'),
(116, 1, '2016-07-22 11:44:04', 'daily'),
(117, 1, '2016-07-22 11:44:04', 'daily'),
(108, 1, '2016-07-22 11:44:05', 'daily'),
(121, 1, '2016-07-22 11:44:05', 'daily'),
(120, 1, '2016-07-22 11:44:06', 'daily'),
(115, 1, '2016-07-22 11:44:06', 'daily'),
(118, 1, '2016-07-22 11:44:07', 'daily'),
(105, 1, '2016-07-22 11:44:07', 'daily'),
(111, 1, '2016-07-22 11:44:08', 'daily'),
(125, 1, '2016-07-22 11:44:08', 'daily'),
(107, 1, '2016-07-22 11:44:09', 'daily'),
(106, 1, '2016-07-22 11:44:09', 'daily'),
(122, 1, '2016-07-22 11:44:10', 'daily'),
(113, 1, '2016-07-22 11:44:10', 'daily'),
(116, 1, '2016-07-22 12:25:01', 'daily'),
(108, 1, '2016-07-22 12:26:39', 'daily'),
(108, 1, '2016-07-22 12:26:46', 'daily'),
(125, 1, '2016-07-22 15:19:35', 'daily'),
(125, 1, '2016-07-22 16:38:16', 'daily'),
(125, 1, '2016-07-22 16:38:32', 'daily'),
(110, 1, '2016-07-22 16:44:14', 'daily'),
(116, 1, '2016-07-22 16:53:52', 'daily'),
(116, 1, '2016-07-22 16:54:14', 'daily'),
(116, 1, '2016-07-22 17:24:35', 'daily'),
(125, 1, '2016-07-22 17:24:40', 'daily'),
(105, 1, '2016-07-22 19:12:06', 'daily'),
(105, 1, '2016-07-22 19:12:10', 'daily'),
(108, 1, '2016-07-22 19:12:11', 'daily'),
(116, 1, '2016-07-22 19:12:15', 'daily'),
(108, 1, '2016-07-22 19:12:20', 'daily'),
(109, 1, '2016-07-22 19:19:50', 'daily'),
(109, 1, '2016-07-22 19:19:57', 'daily'),
(109, 1, '2016-07-22 19:20:32', 'daily'),
(109, 1, '2016-07-22 19:20:37', 'daily'),
(109, 1, '2016-07-22 19:20:37', 'daily'),
(109, 1, '2016-07-22 19:22:27', 'daily'),
(109, 1, '2016-07-22 19:22:32', 'daily'),
(109, 1, '2016-07-22 19:23:49', 'daily'),
(109, 1, '2016-07-22 19:23:59', 'daily'),
(109, 1, '2016-07-22 19:24:00', 'daily'),
(109, 1, '2016-07-22 19:24:53', 'daily'),
(109, 1, '2016-07-22 19:24:57', 'daily'),
(109, 1, '2016-07-22 19:26:32', 'daily'),
(109, 1, '2016-07-22 19:27:05', 'daily'),
(109, 1, '2016-07-22 19:28:10', 'daily'),
(109, 1, '2016-07-22 19:28:37', 'daily'),
(109, 1, '2016-07-22 19:29:20', 'daily'),
(109, 1, '2016-07-22 19:29:28', 'daily'),
(109, 1, '2016-07-22 19:30:07', 'daily'),
(109, 1, '2016-07-22 19:30:15', 'daily'),
(109, 1, '2016-07-22 19:30:26', 'daily'),
(109, 1, '2016-07-22 19:32:13', 'daily'),
(109, 1, '2016-07-22 19:33:23', 'daily'),
(109, 1, '2016-07-22 19:34:19', 'daily'),
(109, 1, '2016-07-22 19:35:16', 'daily'),
(109, 1, '2016-07-22 19:35:55', 'daily'),
(109, 1, '2016-07-22 19:35:59', 'daily'),
(109, 1, '2016-07-22 19:36:03', 'daily'),
(109, 1, '2016-07-22 19:37:17', 'daily'),
(109, 1, '2016-07-22 19:37:52', 'daily'),
(109, 1, '2016-07-22 19:38:51', 'daily'),
(109, 1, '2016-07-22 19:40:16', 'daily'),
(109, 1, '2016-07-22 19:40:25', 'daily'),
(109, 1, '2016-07-22 19:41:54', 'daily'),
(109, 1, '2016-07-22 19:42:25', 'daily'),
(109, 1, '2016-07-22 19:42:31', 'daily'),
(109, 1, '2016-07-22 19:43:26', 'daily'),
(109, 1, '2016-07-22 19:49:51', 'daily'),
(109, 1, '2016-07-22 19:52:58', 'daily'),
(109, 1, '2016-07-22 19:55:10', 'daily'),
(126, 1, '2016-07-22 19:56:16', 'daily'),
(109, 1, '2016-07-22 20:01:01', 'daily'),
(109, 1, '2016-07-22 20:05:19', 'daily'),
(109, 1, '2016-07-22 20:07:00', 'daily'),
(109, 1, '2016-07-22 20:09:06', 'daily'),
(109, 1, '2016-07-22 20:09:06', 'daily'),
(109, 1, '2016-07-22 20:09:06', 'daily'),
(109, 1, '2016-07-22 20:09:29', 'daily'),
(109, 1, '2016-07-22 20:09:29', 'daily'),
(109, 1, '2016-07-22 20:27:47', 'daily'),
(109, 1, '2016-07-22 20:33:57', 'daily'),
(109, 1, '2016-07-22 20:37:34', 'daily'),
(109, 1, '2016-07-22 20:42:15', 'daily'),
(109, 1, '2016-07-22 20:46:46', 'daily'),
(109, 1, '2016-07-22 20:48:04', 'daily'),
(109, 1, '2016-07-22 20:52:53', 'daily'),
(109, 1, '2016-07-22 20:54:10', 'daily'),
(109, 1, '2016-07-22 21:12:40', 'daily'),
(109, 1, '2016-07-22 21:22:43', 'daily'),
(109, 1, '2016-07-22 21:28:37', 'daily'),
(109, 1, '2016-07-22 21:33:00', 'daily'),
(109, 1, '2016-07-22 22:09:34', 'daily'),
(109, 1, '2016-07-22 22:17:30', 'daily'),
(109, 1, '2016-07-22 23:20:45', 'daily'),
(109, 1, '2016-07-22 23:23:24', 'daily'),
(109, 1, '2016-07-22 23:31:22', 'daily'),
(109, 1, '2016-07-22 23:41:36', 'daily'),
(109, 1, '2016-07-22 23:45:38', 'daily'),
(109, 1, '2016-07-22 23:55:42', 'daily'),
(109, 1, '2016-07-23 00:04:36', 'daily'),
(109, 1, '2016-07-23 00:08:23', 'daily'),
(109, 1, '2016-07-23 00:08:43', 'daily'),
(109, 1, '2016-07-23 00:08:44', 'daily'),
(109, 1, '2016-07-23 00:11:38', 'daily'),
(109, 1, '2016-07-23 00:12:54', 'daily'),
(109, 1, '2016-07-23 00:22:11', 'daily'),
(109, 1, '2016-07-23 00:26:22', 'daily'),
(109, 1, '2016-07-23 00:27:02', 'daily'),
(109, 1, '2016-07-23 00:28:12', 'daily'),
(109, 1, '2016-07-23 00:29:07', 'daily'),
(109, 1, '2016-07-23 00:34:15', 'daily'),
(109, 1, '2016-07-23 01:03:01', 'daily'),
(109, 1, '2016-07-23 01:21:36', 'daily'),
(109, 1, '2016-07-23 02:28:50', 'daily'),
(109, 1, '2016-07-23 02:40:42', 'daily'),
(109, 1, '2016-07-23 02:56:12', 'daily'),
(109, 1, '2016-07-23 03:20:54', 'daily'),
(109, 1, '2016-07-23 03:45:05', 'daily'),
(109, 1, '2016-07-23 04:00:55', 'daily'),
(109, 1, '2016-07-23 04:00:55', 'daily'),
(109, 1, '2016-07-23 04:00:56', 'daily'),
(109, 1, '2016-07-23 04:50:35', 'daily'),
(115, 1, '2016-07-23 04:53:26', 'daily'),
(125, 1, '2016-07-23 04:53:59', 'daily'),
(105, 1, '2016-07-23 04:54:13', 'daily'),
(109, 1, '2016-07-23 04:59:33', 'daily'),
(109, 1, '2016-07-23 04:59:33', 'daily'),
(109, 1, '2016-07-23 04:59:33', 'daily'),
(109, 1, '2016-07-23 05:14:35', 'daily'),
(109, 1, '2016-07-23 05:15:54', 'daily'),
(109, 1, '2016-07-23 05:19:07', 'daily'),
(109, 1, '2016-07-23 06:07:43', 'daily'),
(109, 1, '2016-07-23 06:46:17', 'daily'),
(115, 1, '2016-07-23 06:51:31', 'daily'),
(125, 1, '2016-07-23 06:51:51', 'daily'),
(105, 1, '2016-07-23 06:52:10', 'daily'),
(125, 1, '2016-07-23 07:43:41', 'daily'),
(125, 1, '2016-07-23 07:44:56', 'daily'),
(109, 1, '2016-07-23 07:45:03', 'daily'),
(109, 1, '2016-07-23 08:15:49', 'daily'),
(109, 1, '2016-07-23 08:20:56', 'daily'),
(109, 1, '2016-07-23 08:20:56', 'daily'),
(109, 1, '2016-07-23 08:20:57', 'daily'),
(109, 1, '2016-07-23 08:48:14', 'daily'),
(109, 1, '2016-07-23 09:29:22', 'daily'),
(109, 1, '2016-07-23 09:43:26', 'daily'),
(109, 1, '2016-07-23 09:55:25', 'daily'),
(128, 1, '2016-07-23 10:12:04', 'daily'),
(122, 1, '2016-07-23 10:16:05', 'daily'),
(113, 1, '2016-07-23 10:16:31', 'daily'),
(122, 1, '2016-07-23 10:45:03', 'daily'),
(128, 1, '2016-07-23 10:45:49', 'daily'),
(109, 1, '2016-07-23 11:09:47', 'daily'),
(128, 1, '2016-07-23 11:23:48', 'daily'),
(109, 1, '2016-07-23 11:46:52', 'daily'),
(109, 1, '2016-07-23 11:54:32', 'daily'),
(109, 1, '2016-07-23 12:20:14', 'daily'),
(109, 1, '2016-07-23 13:11:49', 'daily'),
(109, 1, '2016-07-23 14:12:50', 'daily'),
(106, 1, '2016-07-23 16:51:51', 'daily'),
(106, 1, '2016-07-23 16:52:41', 'daily'),
(106, 1, '2016-07-23 16:52:56', 'daily'),
(109, 1, '2016-07-23 17:11:54', 'daily'),
(109, 1, '2016-07-23 18:52:32', 'daily'),
(109, 1, '2016-07-23 19:34:31', 'daily'),
(109, 1, '2016-07-23 19:44:20', 'daily'),
(109, 1, '2016-07-23 20:08:00', 'daily'),
(105, 1, '2016-07-23 20:15:01', 'daily'),
(106, 1, '2016-07-23 20:15:03', 'daily'),
(107, 1, '2016-07-23 20:15:05', 'daily'),
(108, 1, '2016-07-23 20:15:10', 'daily'),
(109, 1, '2016-07-23 20:15:12', 'daily'),
(110, 1, '2016-07-23 20:15:14', 'daily'),
(111, 1, '2016-07-23 20:15:16', 'daily'),
(113, 1, '2016-07-23 20:15:17', 'daily'),
(115, 1, '2016-07-23 20:15:19', 'daily'),
(116, 1, '2016-07-23 20:15:20', 'daily'),
(117, 1, '2016-07-23 20:15:22', 'daily'),
(118, 1, '2016-07-23 20:15:24', 'daily'),
(120, 1, '2016-07-23 20:15:25', 'daily'),
(121, 1, '2016-07-23 20:15:27', 'daily'),
(122, 1, '2016-07-23 20:15:28', 'daily'),
(125, 1, '2016-07-23 20:15:30', 'daily'),
(114, 1, '2016-07-23 20:15:43', 'daily'),
(116, 1, '2016-07-23 21:47:15', 'daily'),
(110, 1, '2016-07-23 21:47:57', 'daily'),
(122, 1, '2016-07-23 21:48:08', 'daily'),
(113, 1, '2016-07-23 21:48:18', 'daily'),
(121, 1, '2016-07-23 21:48:28', 'daily'),
(111, 1, '2016-07-23 21:48:38', 'daily'),
(105, 1, '2016-07-23 21:48:49', 'daily'),
(108, 1, '2016-07-23 21:48:59', 'daily'),
(125, 1, '2016-07-23 21:49:09', 'daily'),
(120, 1, '2016-07-23 21:49:20', 'daily'),
(109, 1, '2016-07-23 21:49:30', 'daily'),
(107, 1, '2016-07-23 21:49:40', 'daily'),
(117, 1, '2016-07-23 21:49:51', 'daily'),
(106, 1, '2016-07-23 21:50:01', 'daily'),
(118, 1, '2016-07-23 21:50:12', 'daily'),
(124, 1, '2016-07-23 21:51:56', 'daily'),
(112, 1, '2016-07-23 21:52:02', 'daily'),
(128, 1, '2016-07-23 21:52:05', 'daily'),
(123, 1, '2016-07-23 21:52:08', 'daily'),
(104, 1, '2016-07-23 21:52:11', 'daily'),
(126, 1, '2016-07-23 21:52:21', 'daily'),
(119, 1, '2016-07-23 21:52:24', 'daily'),
(114, 1, '2016-07-23 21:52:27', 'daily'),
(125, 1, '2016-07-23 21:53:57', 'daily'),
(109, 1, '2016-07-23 21:54:00', 'daily'),
(118, 1, '2016-07-23 21:54:04', 'daily'),
(110, 1, '2016-07-23 21:54:07', 'daily'),
(120, 1, '2016-07-23 21:54:10', 'daily'),
(122, 1, '2016-07-23 21:54:13', 'daily'),
(121, 1, '2016-07-23 21:54:16', 'daily'),
(108, 1, '2016-07-23 21:54:19', 'daily'),
(111, 1, '2016-07-23 21:54:22', 'daily'),
(117, 1, '2016-07-23 21:54:25', 'daily'),
(104, 1, '2016-07-23 21:59:24', 'daily'),
(124, 1, '2016-07-23 21:59:36', 'daily'),
(128, 1, '2016-07-23 21:59:40', 'daily'),
(109, 1, '2016-07-23 22:39:23', 'daily'),
(109, 1, '2016-07-24 00:28:16', 'daily'),
(109, 1, '2016-07-24 00:29:09', 'daily'),
(109, 1, '2016-07-24 01:18:52', 'daily'),
(109, 1, '2016-07-24 01:19:58', 'daily'),
(109, 1, '2016-07-24 01:36:16', 'daily'),
(109, 1, '2016-07-24 01:36:20', 'daily'),
(109, 1, '2016-07-24 02:14:05', 'daily'),
(109, 1, '2016-07-24 02:18:42', 'daily'),
(109, 1, '2016-07-24 02:28:08', 'daily'),
(109, 1, '2016-07-24 03:09:10', 'daily'),
(109, 1, '2016-07-24 04:12:28', 'daily'),
(109, 1, '2016-07-24 04:51:23', 'daily'),
(110, 1, '2016-07-24 05:17:16', 'daily'),
(110, 1, '2016-07-24 05:17:21', 'daily'),
(116, 1, '2016-07-24 05:20:55', 'daily'),
(108, 1, '2016-07-24 05:21:05', 'daily'),
(107, 1, '2016-07-24 05:24:13', 'daily'),
(124, 1, '2016-07-24 07:15:34', 'daily'),
(110, 1, '2016-07-24 07:15:42', 'daily'),
(125, 1, '2016-07-24 07:15:49', 'daily'),
(109, 1, '2016-07-24 07:16:18', 'daily'),
(120, 1, '2016-07-24 07:17:39', 'daily'),
(116, 1, '2016-07-24 07:17:40', 'daily'),
(119, 1, '2016-07-24 07:17:45', 'daily'),
(123, 1, '2016-07-24 07:17:50', 'daily'),
(118, 1, '2016-07-24 07:17:56', 'daily'),
(106, 1, '2016-07-24 07:18:02', 'daily'),
(117, 1, '2016-07-24 07:18:08', 'daily'),
(114, 1, '2016-07-24 07:18:13', 'daily'),
(112, 1, '2016-07-24 07:18:19', 'daily'),
(111, 1, '2016-07-24 07:18:25', 'daily'),
(121, 1, '2016-07-24 07:18:31', 'daily'),
(126, 1, '2016-07-24 07:18:42', 'daily'),
(108, 1, '2016-07-24 07:18:43', 'daily'),
(115, 1, '2016-07-24 07:18:49', 'daily'),
(105, 1, '2016-07-24 07:18:56', 'daily'),
(108, 1, '2016-07-24 08:34:53', 'daily'),
(104, 1, '2016-07-24 08:34:56', 'daily'),
(124, 1, '2016-07-24 08:35:04', 'daily'),
(111, 1, '2016-07-24 08:35:21', 'daily'),
(121, 1, '2016-07-24 08:35:22', 'daily'),
(110, 1, '2016-07-24 08:35:24', 'daily'),
(117, 1, '2016-07-24 08:35:26', 'daily'),
(118, 1, '2016-07-24 08:35:27', 'daily'),
(120, 1, '2016-07-24 08:35:28', 'daily'),
(125, 1, '2016-07-24 08:35:49', 'daily'),
(125, 1, '2016-07-24 09:23:04', 'daily'),
(125, 1, '2016-07-24 09:56:00', 'daily'),
(125, 1, '2016-07-24 09:56:30', 'daily'),
(107, 1, '2016-07-24 09:57:30', 'daily'),
(107, 1, '2016-07-24 09:58:10', 'daily'),
(117, 1, '2016-07-24 09:58:43', 'daily'),
(117, 1, '2016-07-24 09:58:49', 'daily'),
(117, 1, '2016-07-24 09:59:29', 'daily'),
(116, 1, '2016-07-24 09:59:49', 'daily'),
(109, 1, '2016-07-24 10:08:27', 'daily'),
(109, 1, '2016-07-24 10:24:26', 'daily'),
(104, 1, '2016-07-24 10:28:39', 'daily'),
(126, 1, '2016-07-24 11:22:47', 'daily'),
(109, 1, '2016-07-24 12:43:21', 'daily'),
(109, 1, '2016-07-24 13:21:50', 'daily'),
(105, 1, '2016-07-24 13:22:47', 'daily'),
(106, 1, '2016-07-24 13:22:50', 'daily'),
(107, 1, '2016-07-24 13:22:58', 'daily'),
(108, 1, '2016-07-24 13:23:04', 'daily'),
(109, 1, '2016-07-24 13:23:07', 'daily'),
(110, 1, '2016-07-24 13:23:09', 'daily'),
(111, 1, '2016-07-24 13:23:11', 'daily'),
(113, 1, '2016-07-24 13:23:12', 'daily'),
(115, 1, '2016-07-24 13:23:14', 'daily'),
(116, 1, '2016-07-24 13:23:16', 'daily'),
(117, 1, '2016-07-24 13:23:17', 'daily'),
(118, 1, '2016-07-24 13:23:19', 'daily'),
(120, 1, '2016-07-24 13:23:21', 'daily'),
(121, 1, '2016-07-24 13:23:23', 'daily'),
(122, 1, '2016-07-24 13:23:24', 'daily'),
(125, 1, '2016-07-24 13:23:28', 'daily'),
(109, 1, '2016-07-24 13:23:40', 'daily'),
(109, 1, '2016-07-24 16:25:24', 'daily'),
(109, 1, '2016-07-24 16:26:03', 'daily'),
(109, 1, '2016-07-24 16:53:55', 'daily'),
(109, 1, '2016-07-24 17:04:33', 'daily'),
(109, 1, '2016-07-24 17:51:58', 'daily'),
(109, 1, '2016-07-24 18:27:17', 'daily'),
(109, 1, '2016-07-24 19:00:48', 'daily'),
(109, 1, '2016-07-24 21:06:52', 'daily'),
(109, 1, '2016-07-24 21:58:34', 'daily'),
(109, 1, '2016-07-24 22:12:02', 'daily'),
(109, 1, '2016-07-24 22:24:42', 'daily'),
(109, 1, '2016-07-24 23:16:10', 'daily'),
(113, 1, '2016-07-24 23:22:19', 'daily'),
(109, 1, '2016-07-24 23:30:39', 'daily'),
(116, 1, '2016-07-24 23:30:55', 'daily'),
(125, 1, '2016-07-24 23:30:57', 'daily'),
(109, 1, '2016-07-25 00:16:41', 'daily'),
(109, 1, '2016-07-25 00:20:47', 'daily'),
(109, 1, '2016-07-25 00:29:12', 'daily'),
(110, 1, '2016-07-25 00:46:16', 'daily'),
(122, 1, '2016-07-25 00:48:46', 'daily'),
(120, 1, '2016-07-25 01:53:53', 'daily'),
(108, 1, '2016-07-25 03:16:09', 'daily'),
(109, 1, '2016-07-25 03:20:34', 'daily'),
(109, 1, '2016-07-25 03:36:51', 'daily'),
(109, 1, '2016-07-25 04:08:54', 'daily'),
(118, 1, '2016-07-25 04:25:27', 'daily'),
(116, 1, '2016-07-25 05:15:55', 'daily'),
(106, 1, '2016-07-25 05:41:14', 'daily'),
(109, 1, '2016-07-25 05:48:50', 'daily'),
(125, 1, '2016-07-25 06:50:01', 'daily'),
(125, 1, '2016-07-25 06:51:36', 'daily'),
(117, 1, '2016-07-25 06:57:02', 'daily'),
(115, 1, '2016-07-25 08:10:25', 'daily'),
(116, 1, '2016-07-25 08:10:32', 'daily'),
(110, 1, '2016-07-25 08:12:48', 'daily'),
(110, 1, '2016-07-25 09:28:15', 'daily'),
(125, 1, '2016-07-25 09:35:40', 'daily'),
(105, 1, '2016-07-25 09:54:04', 'daily'),
(125, 1, '2016-07-25 10:31:56', 'daily'),
(125, 1, '2016-07-25 10:35:24', 'daily'),
(125, 1, '2016-07-25 10:35:34', 'daily'),
(111, 1, '2016-07-25 10:44:22', 'daily'),
(109, 1, '2016-07-25 10:44:38', 'daily'),
(109, 1, '2016-07-25 10:44:38', 'daily'),
(109, 1, '2016-07-25 10:44:38', 'daily'),
(109, 1, '2016-07-25 10:54:18', 'daily'),
(115, 1, '2016-07-25 11:02:04', 'daily'),
(109, 1, '2016-07-25 11:20:54', 'daily'),
(110, 1, '2016-07-25 11:29:30', 'daily'),
(108, 1, '2016-07-25 11:29:59', 'daily'),
(118, 1, '2016-07-25 11:46:29', 'daily'),
(109, 1, '2016-07-25 11:48:00', 'daily'),
(121, 1, '2016-07-25 12:00:09', 'daily'),
(107, 1, '2016-07-25 12:56:04', 'daily'),
(108, 1, '2016-07-25 12:57:22', 'daily'),
(121, 1, '2016-07-25 14:08:19', 'daily'),
(107, 1, '2016-07-25 14:31:43', 'daily'),
(107, 1, '2016-07-25 15:18:30', 'daily'),
(109, 1, '2016-07-25 15:47:30', 'daily'),
(120, 1, '2016-07-25 16:26:24', 'daily'),
(105, 1, '2016-07-25 16:29:14', 'daily'),
(121, 1, '2016-07-25 16:35:11', 'daily'),
(108, 1, '2016-07-25 16:35:24', 'daily'),
(125, 1, '2016-07-25 16:35:39', 'daily'),
(125, 1, '2016-07-25 16:49:10', 'daily'),
(125, 1, '2016-07-25 16:49:17', 'daily'),
(109, 1, '2016-07-25 16:49:25', 'daily'),
(109, 1, '2016-07-25 16:49:48', 'daily'),
(125, 1, '2016-07-25 16:54:22', 'daily'),
(116, 1, '2016-07-25 17:03:17', 'daily'),
(125, 1, '2016-07-25 17:40:21', 'daily'),
(115, 1, '2016-07-25 18:22:26', 'daily'),
(110, 1, '2016-07-25 18:41:45', 'daily'),
(108, 1, '2016-07-25 18:51:40', 'daily'),
(105, 1, '2016-07-25 19:34:51', 'daily'),
(125, 1, '2016-07-25 20:30:14', 'daily'),
(110, 1, '2016-07-25 20:50:43', 'daily'),
(120, 1, '2016-07-25 21:28:55', 'daily'),
(122, 1, '2016-07-25 22:13:44', 'daily'),
(109, 1, '2016-07-25 22:15:28', 'daily'),
(116, 1, '2016-07-25 22:52:15', 'daily'),
(113, 1, '2016-07-25 23:22:13', 'daily'),
(116, 1, '2016-07-25 23:26:49', 'daily'),
(109, 1, '2016-07-26 00:00:45', 'daily'),
(109, 1, '2016-07-26 00:18:56', 'daily'),
(121, 1, '2016-07-26 00:38:00', 'daily'),
(118, 1, '2016-07-26 00:53:11', 'daily'),
(106, 1, '2016-07-26 01:24:10', 'daily'),
(117, 1, '2016-07-26 01:45:31', 'daily'),
(111, 1, '2016-07-26 03:23:21', 'daily'),
(121, 1, '2016-07-26 03:45:11', 'daily'),
(116, 1, '2016-07-26 05:05:01', 'daily'),
(107, 1, '2016-07-26 05:17:21', 'daily'),
(109, 1, '2016-07-26 06:21:18', 'daily'),
(125, 1, '2016-07-26 06:21:27', 'daily'),
(108, 1, '2016-07-26 07:16:11', 'daily'),
(111, 1, '2016-07-26 07:27:19', 'daily'),
(105, 1, '2016-07-26 07:30:47', 'daily'),
(125, 1, '2016-07-26 07:44:38', 'daily'),
(120, 1, '2016-07-26 07:54:18', 'daily'),
(105, 1, '2016-07-26 08:03:51', 'daily'),
(109, 1, '2016-07-26 08:19:50', 'daily'),
(107, 1, '2016-07-26 08:58:08', 'daily'),
(111, 1, '2016-07-26 09:11:14', 'daily'),
(116, 1, '2016-07-26 09:12:05', 'daily'),
(118, 1, '2016-07-26 09:14:42', 'daily'),
(117, 1, '2016-07-26 09:18:58', 'daily'),
(105, 1, '2016-07-26 09:45:42', 'daily'),
(117, 1, '2016-07-26 10:13:55', 'daily'),
(109, 1, '2016-07-26 10:45:26', 'daily'),
(106, 1, '2016-07-26 11:29:42', 'daily'),
(116, 1, '2016-07-26 12:10:40', 'daily'),
(110, 1, '2016-07-26 12:10:51', 'daily'),
(110, 1, '2016-07-26 12:11:21', 'daily'),
(113, 1, '2016-07-26 12:41:27', 'daily'),
(110, 1, '2016-07-26 18:08:27', 'daily'),
(110, 1, '2016-07-26 18:09:34', 'daily'),
(109, 1, '2016-07-26 19:53:55', 'daily'),
(106, 1, '2016-07-26 21:04:29', 'daily'),
(115, 1, '2016-07-26 21:51:04', 'daily'),
(109, 1, '2016-07-26 22:18:38', 'daily'),
(109, 1, '2016-07-26 22:44:26', 'daily'),
(115, 1, '2016-07-26 22:51:45', 'daily'),
(109, 1, '2016-07-26 23:33:41', 'daily'),
(116, 1, '2016-07-27 00:07:32', 'daily'),
(109, 1, '2016-07-27 02:03:51', 'daily'),
(109, 1, '2016-07-27 02:33:27', 'daily'),
(109, 1, '2016-07-27 02:33:29', 'daily'),
(109, 1, '2016-07-27 02:52:53', 'daily'),
(125, 1, '2016-07-27 04:56:00', 'daily'),
(125, 1, '2016-07-27 04:56:59', 'daily'),
(125, 1, '2016-07-27 04:57:21', 'daily'),
(108, 1, '2016-07-27 04:57:25', 'daily'),
(108, 1, '2016-07-27 04:57:30', 'daily'),
(125, 1, '2016-07-27 05:08:28', 'daily'),
(110, 1, '2016-07-27 05:08:51', 'daily'),
(125, 1, '2016-07-27 05:17:10', 'daily'),
(116, 1, '2016-07-27 05:17:15', 'daily'),
(109, 1, '2016-07-27 05:44:35', 'daily'),
(109, 1, '2016-07-27 07:12:17', 'daily'),
(109, 1, '2016-07-27 10:03:51', 'daily'),
(109, 1, '2016-07-27 10:53:27', 'daily'),
(116, 1, '2016-07-27 11:13:27', 'daily'),
(109, 1, '2016-07-27 12:05:04', 'daily'),
(108, 1, '2016-07-27 12:10:56', 'daily'),
(110, 1, '2016-07-27 12:16:41', 'daily'),
(125, 1, '2016-07-27 12:22:26', 'daily'),
(109, 1, '2016-07-27 12:51:11', 'daily'),
(104, 1, '2016-07-27 14:17:17', 'daily'),
(123, 1, '2016-07-27 14:17:20', 'daily'),
(109, 1, '2016-07-27 15:26:53', 'daily'),
(109, 1, '2016-07-27 16:51:29', 'daily'),
(109, 1, '2016-07-27 17:40:57', 'daily'),
(116, 1, '2016-07-27 17:41:05', 'daily'),
(110, 1, '2016-07-27 18:34:23', 'daily'),
(110, 1, '2016-07-27 18:34:35', 'daily'),
(110, 1, '2016-07-27 18:37:55', 'daily'),
(110, 1, '2016-07-27 18:43:53', 'daily'),
(110, 1, '2016-07-27 18:45:24', 'daily'),
(110, 1, '2016-07-27 19:12:43', 'daily'),
(110, 1, '2016-07-27 19:12:45', 'daily'),
(110, 1, '2016-07-27 19:12:49', 'daily'),
(110, 1, '2016-07-27 19:13:18', 'daily'),
(110, 1, '2016-07-27 19:14:56', 'daily'),
(110, 1, '2016-07-27 19:15:48', 'daily'),
(110, 1, '2016-07-27 19:15:51', 'daily'),
(116, 1, '2016-07-27 19:16:02', 'daily'),
(116, 1, '2016-07-27 19:16:10', 'daily'),
(116, 1, '2016-07-27 19:17:22', 'daily'),
(116, 1, '2016-07-27 19:17:24', 'daily'),
(110, 1, '2016-07-27 19:18:40', 'daily'),
(110, 1, '2016-07-27 19:18:41', 'daily'),
(110, 1, '2016-07-27 19:18:43', 'daily'),
(116, 1, '2016-07-27 19:18:45', 'daily'),
(116, 1, '2016-07-27 19:22:13', 'daily'),
(116, 1, '2016-07-27 19:22:38', 'daily'),
(116, 1, '2016-07-27 19:23:00', 'daily'),
(116, 1, '2016-07-27 19:24:26', 'daily'),
(116, 1, '2016-07-27 19:25:08', 'daily'),
(116, 1, '2016-07-27 19:25:12', 'daily'),
(116, 1, '2016-07-27 19:25:25', 'daily'),
(116, 1, '2016-07-27 19:26:22', 'daily'),
(116, 1, '2016-07-27 19:27:40', 'daily'),
(116, 1, '2016-07-27 19:28:09', 'daily'),
(116, 1, '2016-07-27 19:28:39', 'daily'),
(116, 1, '2016-07-27 19:28:50', 'daily'),
(116, 1, '2016-07-27 19:28:58', 'daily'),
(116, 1, '2016-07-27 19:29:32', 'daily'),
(116, 1, '2016-07-27 19:30:52', 'daily'),
(116, 1, '2016-07-27 19:31:04', 'daily'),
(116, 1, '2016-07-27 19:31:13', 'daily'),
(110, 1, '2016-07-27 19:31:35', 'daily'),
(110, 1, '2016-07-27 19:31:42', 'daily'),
(110, 1, '2016-07-27 19:32:52', 'daily'),
(110, 1, '2016-07-27 19:33:03', 'daily'),
(110, 1, '2016-07-27 19:33:13', 'daily'),
(110, 1, '2016-07-27 19:33:24', 'daily'),
(110, 1, '2016-07-27 19:33:51', 'daily'),
(110, 1, '2016-07-27 19:33:59', 'daily'),
(110, 1, '2016-07-27 19:34:05', 'daily'),
(110, 1, '2016-07-27 19:34:16', 'daily'),
(110, 1, '2016-07-27 19:34:23', 'daily'),
(110, 1, '2016-07-27 19:34:33', 'daily'),
(110, 1, '2016-07-27 19:35:37', 'daily'),
(110, 1, '2016-07-27 19:36:14', 'daily'),
(110, 1, '2016-07-27 19:38:15', 'daily'),
(110, 1, '2016-07-27 19:39:03', 'daily'),
(110, 1, '2016-07-27 19:39:13', 'daily'),
(110, 1, '2016-07-27 19:40:05', 'daily'),
(110, 1, '2016-07-27 19:41:00', 'daily'),
(110, 1, '2016-07-27 19:41:08', 'daily'),
(110, 1, '2016-07-27 19:41:28', 'daily'),
(116, 1, '2016-07-27 19:42:06', 'daily'),
(110, 1, '2016-07-27 19:42:08', 'daily'),
(110, 1, '2016-07-27 19:43:14', 'daily'),
(110, 1, '2016-07-27 19:44:19', 'daily'),
(110, 1, '2016-07-27 19:44:19', 'daily'),
(110, 1, '2016-07-27 19:44:19', 'daily'),
(110, 1, '2016-07-27 19:44:19', 'daily'),
(110, 1, '2016-07-27 19:44:19', 'daily'),
(110, 1, '2016-07-27 19:44:19', 'daily'),
(110, 1, '2016-07-27 19:45:01', 'daily'),
(110, 1, '2016-07-27 19:45:06', 'daily'),
(110, 1, '2016-07-27 19:45:59', 'daily'),
(110, 1, '2016-07-27 19:46:13', 'daily'),
(110, 1, '2016-07-27 19:48:54', 'daily'),
(110, 1, '2016-07-27 19:48:54', 'daily'),
(110, 1, '2016-07-27 19:48:54', 'daily'),
(110, 1, '2016-07-27 19:48:54', 'daily'),
(110, 1, '2016-07-27 19:48:54', 'daily'),
(110, 1, '2016-07-27 19:48:54', 'daily'),
(110, 1, '2016-07-27 19:50:43', 'daily'),
(110, 1, '2016-07-27 20:03:16', 'daily'),
(110, 1, '2016-07-27 20:10:52', 'daily'),
(110, 1, '2016-07-27 20:11:15', 'daily'),
(109, 1, '2016-07-27 20:38:37', 'daily'),
(124, 1, '2016-07-28 00:07:25', 'daily'),
(119, 1, '2016-07-28 01:23:12', 'daily'),
(123, 1, '2016-07-28 02:38:59', 'daily'),
(114, 1, '2016-07-28 04:08:16', 'daily'),
(128, 1, '2016-07-28 06:31:34', 'daily'),
(105, 1, '2016-07-28 06:32:29', 'daily'),
(122, 1, '2016-07-28 06:34:21', 'daily'),
(111, 1, '2016-07-28 06:35:47', 'daily'),
(104, 1, '2016-07-28 06:36:14', 'daily'),
(124, 1, '2016-07-28 06:36:24', 'daily'),
(129, 1, '2016-07-28 06:50:09', 'daily'),
(130, 1, '2016-07-28 06:55:52', 'daily'),
(131, 1, '2016-07-28 06:57:35', 'daily'),
(109, 1, '2016-07-28 06:57:53', 'daily'),
(109, 1, '2016-07-28 06:57:55', 'daily'),
(110, 1, '2016-07-28 06:57:57', 'daily'),
(109, 1, '2016-07-28 06:57:58', 'daily'),
(109, 1, '2016-07-28 06:58:01', 'daily'),
(107, 1, '2016-07-28 06:58:03', 'daily'),
(110, 1, '2016-07-28 06:58:05', 'daily'),
(110, 1, '2016-07-28 06:58:16', 'daily'),
(108, 1, '2016-07-28 06:58:20', 'daily'),
(110, 1, '2016-07-28 06:58:21', 'daily'),
(109, 1, '2016-07-28 06:58:24', 'daily'),
(110, 1, '2016-07-28 06:58:26', 'daily'),
(109, 1, '2016-07-28 06:58:27', 'daily'),
(109, 1, '2016-07-28 06:58:29', 'daily'),
(109, 1, '2016-07-28 06:58:30', 'daily'),
(126, 1, '2016-07-28 06:58:32', 'daily'),
(130, 1, '2016-07-28 06:59:04', 'daily'),
(130, 1, '2016-07-28 06:59:29', 'daily'),
(130, 1, '2016-07-28 06:59:58', 'daily'),
(130, 1, '2016-07-28 06:59:58', 'daily'),
(130, 1, '2016-07-28 06:59:58', 'daily'),
(130, 1, '2016-07-28 07:05:41', 'daily'),
(130, 1, '2016-07-28 07:06:20', 'daily'),
(130, 1, '2016-07-28 07:06:21', 'daily'),
(130, 1, '2016-07-28 07:06:21', 'daily'),
(109, 1, '2016-07-28 07:07:20', 'daily'),
(131, 1, '2016-07-28 07:07:52', 'daily'),
(109, 1, '2016-07-28 07:07:59', 'daily'),
(125, 1, '2016-07-28 07:08:27', 'daily'),
(125, 1, '2016-07-28 07:08:41', 'daily'),
(125, 1, '2016-07-28 07:09:16', 'daily'),
(110, 1, '2016-07-28 07:13:24', 'daily'),
(130, 1, '2016-07-28 07:13:49', 'daily'),
(130, 1, '2016-07-28 07:13:53', 'daily'),
(125, 1, '2016-07-28 07:17:22', 'daily'),
(130, 1, '2016-07-28 07:20:32', 'daily'),
(119, 1, '2016-07-28 07:21:19', 'daily'),
(130, 1, '2016-07-28 07:24:02', 'daily'),
(130, 1, '2016-07-28 07:27:21', 'daily'),
(104, 1, '2016-07-28 07:28:50', 'daily'),
(104, 1, '2016-07-28 07:28:50', 'daily'),
(109, 1, '2016-07-28 08:50:39', 'daily'),
(109, 1, '2016-07-28 08:50:41', 'daily'),
(109, 1, '2016-07-28 08:50:48', 'daily'),
(110, 1, '2016-07-28 08:50:51', 'daily'),
(131, 1, '2016-07-28 08:51:03', 'daily'),
(131, 1, '2016-07-28 08:51:08', 'daily'),
(131, 1, '2016-07-28 08:51:09', 'daily'),
(125, 1, '2016-07-28 09:38:52', 'daily');
INSERT INTO `views` (`image_id`, `count`, `date`, `type`) VALUES
(125, 1, '2016-07-28 09:38:58', 'daily'),
(116, 1, '2016-07-28 09:39:29', 'daily'),
(116, 1, '2016-07-28 09:39:33', 'daily'),
(108, 1, '2016-07-28 09:40:08', 'daily'),
(132, 1, '2016-07-28 10:13:49', 'daily'),
(132, 1, '2016-07-28 10:14:42', 'daily'),
(132, 1, '2016-07-28 10:49:49', 'daily'),
(132, 1, '2016-07-28 10:49:52', 'daily'),
(132, 1, '2016-07-28 10:49:53', 'daily'),
(111, 1, '2016-07-28 11:08:28', 'daily'),
(125, 1, '2016-07-28 11:10:54', 'daily'),
(130, 1, '2016-07-28 12:55:40', 'daily'),
(130, 1, '2016-07-28 13:01:02', 'daily'),
(109, 1, '2016-07-28 13:02:58', 'daily'),
(116, 1, '2016-07-28 13:24:28', 'daily'),
(105, 1, '2016-07-28 14:35:18', 'daily'),
(115, 1, '2016-07-28 15:30:58', 'daily'),
(110, 1, '2016-07-28 16:05:45', 'daily'),
(110, 1, '2016-07-28 16:08:32', 'daily'),
(110, 1, '2016-07-28 16:11:23', 'daily'),
(131, 1, '2016-07-28 16:11:46', 'daily'),
(130, 1, '2016-07-28 16:12:01', 'daily'),
(124, 1, '2016-07-28 16:12:09', 'daily'),
(124, 1, '2016-07-28 16:12:12', 'daily'),
(129, 1, '2016-07-28 16:12:20', 'daily'),
(132, 1, '2016-07-28 16:12:32', 'daily'),
(132, 1, '2016-07-28 16:13:52', 'daily'),
(132, 1, '2016-07-28 16:13:53', 'daily'),
(132, 1, '2016-07-28 16:13:53', 'daily'),
(132, 1, '2016-07-28 16:13:53', 'daily'),
(132, 1, '2016-07-28 16:13:53', 'daily'),
(132, 1, '2016-07-28 16:13:53', 'daily'),
(132, 1, '2016-07-28 16:14:00', 'daily'),
(132, 1, '2016-07-28 16:14:01', 'daily'),
(132, 1, '2016-07-28 16:14:08', 'daily'),
(132, 1, '2016-07-28 16:14:08', 'daily'),
(132, 1, '2016-07-28 16:14:20', 'daily'),
(132, 1, '2016-07-28 16:14:41', 'daily'),
(109, 1, '2016-07-28 16:15:36', 'daily'),
(126, 1, '2016-07-28 16:16:40', 'daily'),
(126, 1, '2016-07-28 16:16:44', 'daily'),
(132, 1, '2016-07-28 16:17:09', 'daily'),
(110, 1, '2016-07-28 16:18:11', 'daily'),
(126, 1, '2016-07-28 16:18:49', 'daily'),
(126, 1, '2016-07-28 16:19:01', 'daily'),
(116, 1, '2016-07-28 16:20:13', 'daily'),
(116, 1, '2016-07-28 16:22:28', 'daily'),
(125, 1, '2016-07-28 16:22:39', 'daily'),
(125, 1, '2016-07-28 16:23:07', 'daily'),
(133, 1, '2016-07-28 16:28:31', 'daily'),
(133, 1, '2016-07-28 16:29:07', 'daily'),
(133, 1, '2016-07-28 16:29:11', 'daily'),
(133, 1, '2016-07-28 16:29:47', 'daily'),
(133, 1, '2016-07-28 16:30:01', 'daily'),
(133, 1, '2016-07-28 16:31:05', 'daily'),
(124, 1, '2016-07-28 16:32:04', 'daily'),
(133, 1, '2016-07-28 16:32:10', 'daily'),
(133, 1, '2016-07-28 16:34:09', 'daily'),
(133, 1, '2016-07-28 16:34:12', 'daily'),
(110, 1, '2016-07-28 16:35:09', 'daily'),
(126, 1, '2016-07-28 16:35:47', 'daily'),
(109, 1, '2016-07-28 16:36:13', 'daily'),
(109, 1, '2016-07-28 16:36:34', 'daily'),
(109, 1, '2016-07-28 16:42:28', 'daily'),
(109, 1, '2016-07-28 16:43:55', 'daily'),
(133, 1, '2016-07-28 16:45:54', 'daily'),
(133, 1, '2016-07-28 16:46:03', 'daily'),
(133, 1, '2016-07-28 16:46:11', 'daily'),
(133, 1, '2016-07-28 16:46:17', 'daily'),
(133, 1, '2016-07-28 16:46:28', 'daily'),
(117, 1, '2016-07-28 16:47:32', 'daily'),
(109, 1, '2016-07-28 17:11:15', 'daily'),
(110, 1, '2016-07-28 17:32:57', 'daily'),
(112, 1, '2016-07-28 18:25:28', 'daily'),
(126, 1, '2016-07-28 18:26:39', 'daily'),
(104, 1, '2016-07-28 18:27:38', 'daily'),
(109, 1, '2016-07-28 18:35:04', 'daily'),
(109, 1, '2016-07-28 18:54:17', 'daily'),
(109, 1, '2016-07-28 19:02:04', 'daily'),
(109, 1, '2016-07-28 19:29:19', 'daily'),
(109, 1, '2016-07-28 19:29:41', 'daily'),
(109, 1, '2016-07-28 19:29:42', 'daily'),
(109, 1, '2016-07-28 19:42:01', 'daily'),
(109, 1, '2016-07-28 19:44:31', 'daily'),
(116, 1, '2016-07-28 19:44:53', 'daily'),
(110, 1, '2016-07-28 19:45:10', 'daily'),
(109, 1, '2016-07-28 19:45:13', 'daily'),
(110, 1, '2016-07-28 19:45:25', 'daily'),
(109, 1, '2016-07-28 19:46:29', 'daily'),
(109, 1, '2016-07-28 19:52:36', 'daily'),
(109, 1, '2016-07-28 19:52:36', 'daily'),
(109, 1, '2016-07-28 20:01:38', 'daily'),
(109, 1, '2016-07-28 20:02:17', 'daily'),
(109, 1, '2016-07-28 20:03:59', 'daily'),
(109, 1, '2016-07-28 20:08:02', 'daily'),
(109, 1, '2016-07-28 20:16:09', 'daily'),
(128, 1, '2016-07-28 20:25:47', 'daily'),
(125, 1, '2016-07-28 20:30:27', 'daily'),
(109, 1, '2016-07-28 20:49:56', 'daily'),
(109, 1, '2016-07-28 20:59:32', 'daily'),
(125, 1, '2016-07-28 21:51:47', 'daily'),
(109, 1, '2016-07-28 22:11:55', 'daily'),
(109, 1, '2016-07-28 22:15:49', 'daily'),
(109, 1, '2016-07-28 22:44:03', 'daily'),
(109, 1, '2016-07-28 22:55:02', 'daily'),
(109, 1, '2016-07-28 23:08:00', 'daily'),
(109, 1, '2016-07-28 23:16:36', 'daily'),
(109, 1, '2016-07-29 01:25:26', 'daily'),
(109, 1, '2016-07-29 01:31:09', 'daily'),
(110, 1, '2016-07-29 02:18:28', 'daily'),
(109, 1, '2016-07-29 02:39:58', 'daily'),
(109, 1, '2016-07-29 02:44:01', 'daily'),
(109, 1, '2016-07-29 04:57:21', 'daily'),
(111, 1, '2016-07-29 05:17:24', 'daily'),
(132, 1, '2016-07-29 06:16:44', 'daily'),
(106, 1, '2016-07-29 08:21:52', 'daily'),
(112, 1, '2016-07-29 08:22:22', 'daily'),
(109, 1, '2016-07-29 09:25:32', 'daily'),
(132, 1, '2016-07-29 09:37:02', 'daily'),
(132, 1, '2016-07-29 09:43:24', 'daily'),
(109, 1, '2016-07-29 10:46:51', 'daily'),
(109, 1, '2016-07-29 10:46:54', 'daily'),
(125, 1, '2016-07-29 10:46:56', 'daily'),
(125, 1, '2016-07-29 10:46:59', 'daily'),
(106, 1, '2016-07-29 10:47:18', 'daily'),
(109, 1, '2016-07-29 10:55:44', 'daily'),
(109, 1, '2016-07-29 11:10:33', 'daily'),
(129, 1, '2016-07-29 11:11:42', 'daily'),
(129, 1, '2016-07-29 11:11:48', 'daily'),
(129, 1, '2016-07-29 11:12:14', 'daily'),
(104, 1, '2016-07-29 11:35:07', 'daily'),
(109, 1, '2016-07-29 12:06:49', 'daily'),
(109, 1, '2016-07-29 12:35:35', 'daily'),
(109, 1, '2016-07-29 12:38:08', 'daily'),
(115, 1, '2016-07-29 13:51:27', 'daily'),
(116, 1, '2016-07-29 14:21:35', 'daily'),
(116, 1, '2016-07-29 14:24:47', 'daily'),
(109, 1, '2016-07-29 14:42:50', 'daily'),
(125, 1, '2016-07-29 14:58:07', 'daily'),
(117, 1, '2016-07-29 15:31:27', 'daily'),
(125, 1, '2016-07-29 15:44:10', 'daily'),
(117, 1, '2016-07-29 15:44:56', 'daily'),
(129, 1, '2016-07-29 16:02:05', 'daily'),
(129, 1, '2016-07-29 16:02:05', 'daily'),
(105, 1, '2016-07-29 16:04:47', 'daily'),
(125, 1, '2016-07-29 16:07:45', 'daily'),
(129, 1, '2016-07-29 16:08:03', 'daily'),
(129, 1, '2016-07-29 16:08:38', 'daily'),
(129, 1, '2016-07-29 16:09:13', 'daily'),
(129, 1, '2016-07-29 16:10:28', 'daily'),
(109, 1, '2016-07-29 16:38:07', 'daily'),
(114, 1, '2016-07-29 16:50:27', 'daily'),
(117, 1, '2016-07-29 17:02:11', 'daily'),
(129, 1, '2016-07-29 17:02:30', 'daily'),
(118, 1, '2016-07-29 17:11:27', 'daily'),
(125, 1, '2016-07-29 17:36:52', 'daily'),
(106, 1, '2016-07-29 17:44:47', 'daily'),
(109, 1, '2016-07-29 17:49:41', 'daily'),
(116, 1, '2016-07-29 17:49:58', 'daily'),
(115, 1, '2016-07-29 17:57:29', 'daily'),
(108, 1, '2016-07-29 17:59:28', 'daily'),
(109, 1, '2016-08-04 15:24:54', 'daily'),
(109, 1, '2016-08-06 04:43:07', 'daily'),
(109, 1, '2016-08-06 04:45:05', 'daily'),
(109, 1, '2016-08-06 04:45:10', 'daily'),
(109, 1, '2016-08-06 04:45:26', 'daily'),
(109, 1, '2016-08-06 04:45:41', 'daily'),
(109, 1, '2016-08-06 05:12:05', 'daily'),
(109, 1, '2016-08-06 05:12:07', 'daily'),
(109, 1, '2016-08-06 05:12:25', 'daily'),
(109, 1, '2016-08-06 05:12:41', 'daily'),
(109, 1, '2016-08-06 05:16:11', 'daily'),
(109, 1, '2016-08-06 05:18:48', 'daily'),
(109, 1, '2016-08-06 05:18:50', 'daily'),
(109, 1, '2016-08-06 05:18:51', 'daily'),
(109, 1, '2016-08-06 06:44:19', 'daily'),
(109, 1, '2016-08-06 06:44:20', 'daily'),
(109, 1, '2016-08-06 06:45:12', 'daily'),
(109, 1, '2016-08-06 06:45:31', 'daily'),
(109, 1, '2016-08-06 06:46:10', 'daily'),
(109, 1, '2016-08-06 06:46:10', 'daily'),
(109, 1, '2016-08-06 06:46:47', 'daily'),
(126, 1, '2016-08-06 06:47:05', 'daily'),
(126, 1, '2016-08-06 06:47:16', 'daily'),
(126, 1, '2016-08-06 06:47:17', 'daily'),
(126, 1, '2016-08-06 06:47:34', 'daily'),
(126, 1, '2016-08-06 06:56:08', 'daily'),
(126, 1, '2016-08-06 06:56:09', 'daily'),
(126, 1, '2016-08-06 06:56:09', 'daily'),
(126, 1, '2016-08-06 07:07:55', 'daily'),
(126, 1, '2016-08-06 07:10:18', 'daily'),
(126, 1, '2016-08-06 07:10:34', 'daily'),
(126, 1, '2016-08-06 07:22:18', 'daily'),
(126, 1, '2016-08-06 07:22:18', 'daily'),
(126, 1, '2016-08-06 07:22:19', 'daily'),
(126, 1, '2016-08-06 07:22:19', 'daily'),
(126, 1, '2016-08-06 07:22:20', 'daily'),
(126, 1, '2016-08-06 07:22:20', 'daily'),
(126, 1, '2016-08-06 07:22:20', 'daily'),
(109, 1, '2016-08-06 07:22:35', 'daily'),
(126, 1, '2016-08-06 07:22:38', 'daily'),
(109, 1, '2016-08-06 09:31:52', 'daily'),
(109, 1, '2016-08-06 09:32:22', 'daily'),
(109, 1, '2016-08-06 09:32:23', 'daily'),
(109, 1, '2016-08-06 09:32:42', 'daily'),
(109, 1, '2016-08-06 09:32:55', 'daily'),
(109, 1, '2016-08-06 09:34:13', 'daily'),
(109, 1, '2016-08-06 09:34:57', 'daily'),
(109, 1, '2016-08-06 09:35:13', 'daily'),
(109, 1, '2016-08-06 09:35:15', 'daily'),
(109, 1, '2016-08-06 09:59:38', 'daily'),
(109, 1, '2016-08-06 10:00:16', 'daily'),
(109, 1, '2016-08-06 10:01:22', 'daily'),
(109, 1, '2016-08-06 10:01:38', 'daily'),
(109, 1, '2016-08-06 10:02:30', 'daily'),
(109, 1, '2016-08-06 10:02:58', 'daily'),
(109, 1, '2016-08-06 10:03:39', 'daily'),
(109, 1, '2016-08-06 10:04:35', 'daily'),
(109, 1, '2016-08-06 10:05:03', 'daily'),
(109, 1, '2016-08-06 10:05:38', 'daily'),
(109, 1, '2016-08-06 10:05:39', 'daily'),
(109, 1, '2016-08-06 10:05:39', 'daily'),
(109, 1, '2016-08-06 10:05:40', 'daily'),
(109, 1, '2016-08-06 10:05:40', 'daily'),
(109, 1, '2016-08-06 10:05:40', 'daily'),
(109, 1, '2016-08-06 10:05:40', 'daily'),
(109, 1, '2016-08-06 10:08:29', 'daily'),
(109, 1, '2016-08-06 10:09:22', 'daily'),
(109, 1, '2016-08-06 10:10:15', 'daily'),
(109, 1, '2016-08-06 10:10:39', 'daily'),
(109, 1, '2016-08-06 10:10:41', 'daily'),
(109, 1, '2016-08-06 10:10:59', 'daily'),
(109, 1, '2016-08-06 10:11:22', 'daily'),
(109, 1, '2016-08-06 10:11:23', 'daily'),
(109, 1, '2016-08-06 10:14:39', 'daily'),
(109, 1, '2016-08-06 10:15:35', 'daily'),
(109, 1, '2016-08-06 10:16:11', 'daily'),
(109, 1, '2016-08-06 10:16:16', 'daily'),
(109, 1, '2016-08-06 10:16:36', 'daily'),
(109, 1, '2016-08-06 10:16:37', 'daily'),
(109, 1, '2016-08-06 10:16:46', 'daily'),
(109, 1, '2016-08-06 10:17:09', 'daily'),
(109, 1, '2016-08-06 10:17:22', 'daily'),
(109, 1, '2016-08-06 10:17:50', 'daily'),
(109, 1, '2016-08-06 10:17:56', 'daily'),
(109, 1, '2016-08-06 10:19:25', 'daily'),
(109, 1, '2016-08-06 10:19:26', 'daily'),
(109, 1, '2016-08-06 10:20:02', 'daily'),
(109, 1, '2016-08-06 10:20:27', 'daily'),
(109, 1, '2016-08-06 10:21:05', 'daily'),
(109, 1, '2016-08-06 10:21:34', 'daily'),
(109, 1, '2016-08-06 10:22:33', 'daily'),
(109, 1, '2016-08-06 10:23:21', 'daily'),
(109, 1, '2016-08-06 10:23:37', 'daily'),
(109, 1, '2016-08-06 10:23:46', 'daily'),
(109, 1, '2016-08-06 10:26:43', 'daily'),
(109, 1, '2016-08-06 10:26:44', 'daily'),
(109, 1, '2016-08-06 10:26:45', 'daily'),
(109, 1, '2016-08-06 10:26:49', 'daily'),
(109, 1, '2016-08-06 10:27:15', 'daily'),
(109, 1, '2016-08-06 10:41:00', 'daily'),
(109, 1, '2016-08-06 10:41:01', 'daily'),
(109, 1, '2016-08-06 10:51:52', 'daily'),
(109, 1, '2016-08-06 10:52:12', 'daily'),
(109, 1, '2016-08-06 10:52:28', 'daily'),
(109, 1, '2016-08-06 10:52:35', 'daily'),
(109, 1, '2016-08-06 11:16:58', 'daily'),
(109, 1, '2016-08-06 13:36:34', 'daily'),
(109, 1, '2016-08-06 13:39:20', 'daily'),
(109, 1, '2016-08-06 13:43:06', 'daily'),
(116, 1, '2016-08-06 13:43:32', 'daily'),
(116, 1, '2016-08-06 13:43:44', 'daily'),
(116, 1, '2016-08-06 13:43:46', 'daily'),
(116, 1, '2016-08-06 13:44:07', 'daily'),
(110, 1, '2016-08-07 06:56:52', 'daily'),
(109, 1, '2016-08-07 07:08:38', 'daily'),
(111, 1, '2016-08-08 05:40:51', 'daily'),
(111, 1, '2016-08-08 05:41:02', 'daily'),
(109, 1, '2016-08-08 06:09:49', 'daily'),
(109, 1, '2016-08-08 06:18:22', 'daily'),
(109, 1, '2016-08-08 06:20:59', 'daily'),
(109, 1, '2016-08-08 06:54:47', 'daily'),
(109, 1, '2016-08-08 17:44:38', 'daily'),
(109, 1, '2016-08-08 17:47:47', 'daily'),
(110, 1, '2016-08-08 17:47:50', 'daily'),
(126, 1, '2016-08-09 06:24:45', 'daily'),
(126, 1, '2016-08-09 06:24:58', 'daily'),
(126, 1, '2016-08-09 06:25:49', 'daily'),
(109, 1, '2016-08-09 06:37:26', 'daily'),
(109, 1, '2016-08-09 06:48:31', 'daily'),
(110, 1, '2016-08-10 10:52:45', 'daily'),
(109, 1, '2016-08-10 11:12:41', 'daily'),
(110, 1, '2016-08-10 11:15:03', 'daily'),
(110, 1, '2016-08-11 16:53:52', 'daily'),
(110, 1, '2016-08-13 08:45:08', 'daily'),
(110, 1, '2016-08-13 08:45:31', 'daily'),
(110, 1, '2016-08-13 08:45:33', 'daily'),
(110, 1, '2016-08-13 08:46:03', 'daily'),
(110, 1, '2016-08-13 08:46:10', 'daily'),
(110, 1, '2016-08-13 08:47:47', 'daily'),
(110, 1, '2016-08-13 08:48:09', 'daily'),
(110, 1, '2016-08-13 08:48:14', 'daily'),
(111, 1, '2016-08-13 09:01:26', 'daily'),
(126, 1, '2016-08-13 09:01:49', 'daily'),
(126, 1, '2016-08-13 09:02:08', 'daily'),
(109, 1, '2016-08-13 09:02:10', 'daily'),
(116, 1, '2016-08-13 09:02:19', 'daily'),
(126, 1, '2016-08-13 11:12:51', 'daily'),
(126, 1, '2016-08-13 11:31:01', 'daily'),
(126, 1, '2016-08-13 11:31:07', 'daily'),
(126, 1, '2016-08-13 11:31:17', 'daily'),
(126, 1, '2016-08-13 11:31:26', 'daily'),
(126, 1, '2016-08-13 11:32:13', 'daily'),
(109, 1, '2016-08-13 13:28:46', 'daily'),
(110, 1, '2016-08-14 10:00:36', 'daily'),
(110, 1, '2016-08-14 10:00:53', 'daily'),
(110, 1, '2016-08-14 15:09:44', 'daily'),
(120, 1, '2016-08-14 15:11:26', 'daily'),
(126, 1, '2016-08-14 15:12:59', 'daily'),
(111, 1, '2016-08-14 15:13:01', 'daily'),
(109, 1, '2016-08-14 15:13:44', 'daily'),
(125, 1, '2016-08-14 15:13:49', 'daily'),
(110, 1, '2016-08-14 15:14:35', 'daily'),
(110, 1, '2016-08-14 18:49:36', 'daily'),
(110, 1, '2016-08-14 18:49:40', 'daily'),
(110, 1, '2016-08-15 15:11:48', 'daily'),
(110, 1, '2016-08-15 15:31:18', 'daily'),
(109, 1, '2016-08-15 15:31:34', 'daily'),
(109, 1, '2016-08-16 14:18:45', 'daily'),
(109, 1, '2016-08-16 14:21:33', 'daily'),
(109, 1, '2016-08-16 14:21:44', 'daily'),
(109, 1, '2016-08-16 14:24:12', 'daily'),
(109, 1, '2016-08-16 14:25:09', 'daily'),
(110, 1, '2016-08-20 14:54:23', 'daily'),
(110, 1, '2016-08-26 16:55:37', 'daily'),
(110, 1, '2016-08-28 10:34:53', 'daily'),
(110, 1, '2016-08-28 10:34:55', 'daily'),
(116, 1, '2016-08-31 05:40:20', 'daily'),
(110, 1, '2016-09-03 10:39:35', 'daily'),
(122, 1, '2016-09-03 10:40:16', 'daily'),
(110, 1, '2016-09-03 10:46:23', 'daily'),
(109, 1, '2016-09-05 11:57:12', 'daily'),
(109, 1, '2016-09-05 11:57:15', 'daily');

--
-- Indexes for dumped tables
--

--
-- Indexes for table `before_image_id`
--
ALTER TABLE `before_image_id`
  ADD PRIMARY KEY (`image_id`);

--
-- Indexes for table `comment_vote`
--
ALTER TABLE `comment_vote`
  ADD PRIMARY KEY (`comment_id`,`count`,`user_id`);

--
-- Indexes for table `image`
--
ALTER TABLE `image`
  ADD UNIQUE KEY `key_id` (`image_id`);
ALTER TABLE `image` ADD FULLTEXT KEY `title` (`title`);
ALTER TABLE `image` ADD FULLTEXT KEY `tags` (`tags`);

--
-- Indexes for table `upvote`
--
ALTER TABLE `upvote`
  ADD PRIMARY KEY (`image_id`,`count`,`user_id`);

--
-- Indexes for table `user`
--
ALTER TABLE `user`
  ADD PRIMARY KEY (`user_id`),
  ADD UNIQUE KEY `email` (`email`),
  ADD UNIQUE KEY `fb_meta_id` (`fb_meta_id`);

--
-- AUTO_INCREMENT for dumped tables
--

--
-- AUTO_INCREMENT for table `before_image_id`
--
ALTER TABLE `before_image_id`
  MODIFY `image_id` int(15) NOT NULL AUTO_INCREMENT, AUTO_INCREMENT=3;
--
-- AUTO_INCREMENT for table `image`
--
ALTER TABLE `image`
  MODIFY `image_id` int(11) NOT NULL AUTO_INCREMENT, AUTO_INCREMENT=134;
--
-- AUTO_INCREMENT for table `user`
--
ALTER TABLE `user`
  MODIFY `user_id` bigint(12) NOT NULL AUTO_INCREMENT, AUTO_INCREMENT=83;
/*!40101 SET CHARACTER_SET_CLIENT=@OLD_CHARACTER_SET_CLIENT */;
/*!40101 SET CHARACTER_SET_RESULTS=@OLD_CHARACTER_SET_RESULTS */;
/*!40101 SET COLLATION_CONNECTION=@OLD_COLLATION_CONNECTION */;
